timestamp,3ELMTH01,Alpitronic 50kW,Lincoln Electric 150kW,Liteon IC48A,Zerova 01 - 48A,Zerova 02 - 48A,Zerova 03 - 80A,Zerova 04 - 80A,Zerova 5 (Amphenol),site_power
2024-10-28 19:05:00+00:00,,,23.89804444444444,,,,,,,23.89804444444444
2024-10-28 19:06:00+00:00,,,90.2329577777778,,,,,,,90.2329577777778
2024-10-28 19:07:00+00:00,,,106.101785,,,,,,,106.101785
2024-10-28 19:08:00+00:00,,,106.47225,,,,,,,106.47225
2024-10-28 19:09:00+00:00,,,106.90867999999999,,,,,,,106.90867999999999
2024-10-28 19:10:00+00:00,,,107.27423,,,,,,,107.27423
2024-10-28 19:11:00+00:00,,,107.475055,,,,,,,107.475055
2024-10-28 19:12:00+00:00,,,107.804945,,,,,,,107.804945
2024-10-28 19:13:00+00:00,,,107.93401,,,,,,,107.93401
2024-10-28 19:14:00+00:00,,,108.2278,,,,,,,108.2278
2024-10-28 19:15:00+00:00,,,108.55758,,,,,,,108.55758
2024-10-28 19:16:00+00:00,,,108.70430999999999,,,,,,,108.70430999999999
2024-10-28 19:17:00+00:00,,,109.08873499999999,,,,,,,109.08873499999999
2024-10-28 19:18:00+00:00,,,109.32642999999999,,,,,,,109.32642999999999
2024-10-28 19:19:00+00:00,,,109.60688,,,,,,,109.60688
2024-10-28 19:20:00+00:00,,,109.753435,,,,,,,109.753435
2024-10-28 19:21:00+00:00,,,110.00965500000001,,,,,,,110.00965500000001
2024-10-28 19:22:00+00:00,,,110.43155,,,,,,,110.43155
2024-10-28 19:23:00+00:00,,,110.85338999999999,,,,,,,110.85338999999999
2024-10-28 19:24:00+00:00,,,111.090835,,,,,,,111.090835
2024-10-28 19:25:00+00:00,,,111.383505,,,,,,,111.383505
2024-10-28 19:26:00+00:00,,,111.65718,,,,,,,111.65718
2024-10-28 19:27:00+00:00,,,112.02429000000001,,,,,,,112.02429000000001
2024-10-28 19:28:00+00:00,,,112.42873,,,,,,,112.42873
2024-10-28 19:29:00+00:00,,,112.5749,,,,,,,112.5749
2024-10-28 19:30:00+00:00,,,57.167460000000005,,,,,,,57.167460000000005
2024-11-01 22:38:00+00:00,0.366,,,,,,,,,0.366
2024-11-01 22:39:00+00:00,115.02,,,,,,,,,115.02
2024-11-01 22:40:00+00:00,115.68,,,,,,,,,115.68
2024-11-01 22:41:00+00:00,116.28,,,,,,,,,116.28
2024-11-01 22:42:00+00:00,116.64,,,,,,,,,116.64
2024-11-01 22:43:00+00:00,117.0,,,,,,,,,117.0
2024-11-01 22:44:00+00:00,117.36,,,,,,,,,117.36
2024-11-01 22:45:00+00:00,117.72,,,,,,,,,117.72
2024-11-01 22:46:00+00:00,118.08,,,,,,,,,118.08
2024-11-01 22:47:00+00:00,118.38,,,,,,,,,118.38
2024-11-01 22:48:00+00:00,110.935,,,,,,,,,110.935
2024-11-01 22:49:00+00:00,51.516,,,,,,,,,51.516
2024-11-01 22:50:00+00:00,51.427,,,,,,,,,51.427
2024-11-01 22:51:00+00:00,51.471,,,,,,,,,51.471
2024-11-01 22:52:00+00:00,51.903,,,,,,,,,51.903
2024-11-01 22:53:00+00:00,51.992,,,,,,,,,51.992
2024-11-01 22:54:00+00:00,52.037,,,,,,,,,52.037
2024-11-01 22:55:00+00:00,52.171,,,,,,,,,52.171
2024-11-01 22:56:00+00:00,52.216,,,,,,,,,52.216
2024-11-01 22:57:00+00:00,52.305,,,,,,,,,52.305
2024-11-01 22:58:00+00:00,52.439,,,,,,,,,52.439
2024-11-01 22:59:00+00:00,52.484,,,,,,,,,52.484
2024-11-01 23:00:00+00:00,50.611,,,,,,,,,50.611
2024-11-01 23:01:00+00:00,48.216,,,,,,,,,48.216
2024-11-01 23:02:00+00:00,46.688,,,,,,,,,46.688
2024-11-01 23:03:00+00:00,44.859,,,,,,,,,44.859
2024-11-01 23:04:00+00:00,35.28,,,,,,,,,35.28
2024-11-01 23:05:00+00:00,35.325,,,,,,,,,35.325
2024-11-03 18:15:00+00:00,,,0.0,,,,,,,0.0
2024-11-03 18:16:00+00:00,,,0.0,,,,,,,0.0
2024-11-03 18:19:00+00:00,104.1,,,,,,,,,104.1
2024-11-03 18:20:00+00:00,104.94,,,,,,,,,104.94
2024-11-03 18:21:00+00:00,105.48,,,,,,,,,105.48
2024-11-03 18:22:00+00:00,105.84,,,,,,,,,105.84
2024-11-03 18:23:00+00:00,106.14,,,,,,,,,106.14
2024-11-03 18:24:00+00:00,106.44,,,,,,,,,106.44
2024-11-03 18:25:00+00:00,106.68,,,,,,,,,106.68
2024-11-03 18:26:00+00:00,106.98,,,,,,,,,106.98
2024-11-03 18:27:00+00:00,107.28,,,,,,,,,107.28
2024-11-03 18:28:00+00:00,107.58,,,,,,,,,107.58
2024-11-03 18:29:00+00:00,107.88,,,,,,,,,107.88
2024-11-03 18:30:00+00:00,108.0,,,,,,,,,108.0
2024-11-03 18:31:00+00:00,108.3,,,,,,,,,108.3
2024-11-03 18:32:00+00:00,108.54,,,,,,,,,108.54
2024-11-03 18:33:00+00:00,108.78,,,,,,,,,108.78
2024-11-03 18:34:00+00:00,109.14,,,,,,,,,109.14
2024-11-03 18:35:00+00:00,109.32,,,,,,,,,109.32
2024-11-03 18:36:00+00:00,109.62,,,,,,,,,109.62
2024-11-03 18:37:00+00:00,109.92,,,,,,,,,109.92
2024-11-03 18:38:00+00:00,110.1,,,,,,,,,110.1
2024-11-03 18:39:00+00:00,110.28,,,,,,,,,110.28
2024-11-03 18:40:00+00:00,110.7,,,,,,,,,110.7
2024-11-03 18:41:00+00:00,111.12,,,,,,,,,111.12
2024-11-03 18:42:00+00:00,111.42,,,,,,,,,111.42
2024-11-03 18:43:00+00:00,111.72,,,,,,,,,111.72
2024-11-03 18:44:00+00:00,112.02,,,,,,,,,112.02
2024-11-03 18:45:00+00:00,112.32,,,,,,,,,112.32
2024-11-03 18:46:00+00:00,112.8,,,,,,,,,112.8
2024-11-03 18:47:00+00:00,113.04,,,,,,,,,113.04
2024-11-03 18:48:00+00:00,113.4,,,,,,,,,113.4
2024-11-03 18:49:00+00:00,113.64,,,,,,,,,113.64
2024-11-03 18:50:00+00:00,114.06,,,,,,,,,114.06
2024-11-03 18:51:00+00:00,114.42,,,,,,,,,114.42
2024-11-03 18:52:00+00:00,114.78,,,,,,,,,114.78
2024-11-03 18:53:00+00:00,115.14,,,,,,,,,115.14
2024-11-03 18:54:00+00:00,115.38,,,,,,,,,115.38
2024-11-03 18:55:00+00:00,115.8,,,,,,,,,115.8
2024-11-03 18:56:00+00:00,116.16,,,,,,,,,116.16
2024-11-03 18:57:00+00:00,116.4,,,,,,,,,116.4
2024-11-03 18:58:00+00:00,116.64,,,,,,,,,116.64
2024-11-03 18:59:00+00:00,116.944,,,,,,,,,116.944
2024-11-03 19:00:00+00:00,117.183,,,,,,,,,117.183
2024-11-03 19:01:00+00:00,117.483,,,,,,,,,117.483
2024-11-03 19:02:00+00:00,58.856,,,,,,,,,58.856
2024-11-06 14:35:00+00:00,,,74.03553749999999,,,,,,,74.03553749999999
2024-11-06 14:36:00+00:00,,,50.50879333333333,,,,,,,50.50879333333333
2024-11-06 15:05:00+00:00,,,36.696684166666664,,,,,,,36.696684166666664
2024-11-06 15:06:00+00:00,,,105.25442625000001,,,,,,,105.25442625000001
2024-11-06 15:07:00+00:00,,,120.96225000000001,,,,,,,120.96225000000001
2024-11-06 15:08:00+00:00,,,0.0,,,,,,,0.0
2024-11-06 15:10:00+00:00,,,73.63196750000002,,,,,,,73.63196750000002
2024-11-06 15:11:00+00:00,,,71.87325799999999,,,,,,,71.87325799999999
2024-11-06 15:12:00+00:00,,,0.49506,,,,,,,0.49506
2024-11-06 15:14:00+00:00,,,77.41804260869566,,,,,,,77.41804260869566
2024-11-06 15:34:00+00:00,,,69.01945217391305,,,,,,,69.01945217391305
2024-11-06 15:35:00+00:00,,,90.32667571428571,,,,,,,90.32667571428571
2024-11-06 15:36:00+00:00,,,0.0,,,,,,,0.0
2024-11-06 15:37:00+00:00,,,0.0,,,,,,,0.0
2024-11-06 15:38:00+00:00,,,0.0,,,,,,,0.0
2024-11-06 15:39:00+00:00,,,0.0,,,,,,,0.0
2024-11-06 15:53:00+00:00,,,0.0,,,,,,,0.0
2024-11-06 15:54:00+00:00,,,26.26197571428571,,,,,,,26.26197571428571
2024-11-06 15:55:00+00:00,,,28.87621,,,,,,,28.87621
2024-11-06 15:56:00+00:00,,,23.40822,,,,,,,23.40822
2024-11-06 15:57:00+00:00,,,23.40822,,,,,,,23.40822
2024-11-06 15:58:00+00:00,,,18.488494,,,,,,,18.488494
2024-11-06 15:59:00+00:00,,,39.7926,,,,,,,39.7926
2024-11-06 16:00:00+00:00,,,15.33907,,,,,,,15.33907
2024-11-06 16:01:00+00:00,,,40.039370000000005,,,,,,,40.039370000000005
2024-11-06 16:16:00+00:00,,,0.0,,,,,,,0.0
2024-11-06 16:17:00+00:00,,,23.21004090909091,,,,,,,23.21004090909091
2024-11-06 16:18:00+00:00,,,23.4784,,,,,,,23.4784
2024-11-06 16:19:00+00:00,,,23.4784,,,,,,,23.4784
2024-11-06 16:20:00+00:00,,,23.4784,,,,,,,23.4784
2024-11-06 16:21:00+00:00,,,23.4784,,,,,,,23.4784
2024-11-06 16:22:00+00:00,,,23.4784,,,,,,,23.4784
2024-11-06 16:23:00+00:00,,,23.4784,,,,,,,23.4784
2024-11-06 16:24:00+00:00,,,23.4784,,,,,,,23.4784
2024-11-06 16:25:00+00:00,,,23.4784,,,,,,,23.4784
2024-11-06 16:26:00+00:00,,,23.4784,,,,,,,23.4784
2024-11-06 16:35:00+00:00,,,14.49013375,,,,,,,14.49013375
2024-11-06 16:36:00+00:00,,,22.03172,,,,,,,22.03172
2024-11-06 16:37:00+00:00,,,119.24831999999999,,,,,,,119.24831999999999
2024-11-06 16:47:00+00:00,,,81.95430285714285,,,,,,,81.95430285714285
2024-11-06 16:48:00+00:00,,,149.7839225,,,,,,,149.7839225
2024-11-06 16:56:00+00:00,,,99.67415125000001,,,,,,,99.67415125000001
2024-11-06 17:02:00+00:00,,,64.61026636363636,,,,,,,64.61026636363636
2024-11-06 17:03:00+00:00,,,114.3987525,,,,,,,114.3987525
2024-11-06 17:04:00+00:00,,,85.75890866666667,,,,,,,85.75890866666667
2024-11-06 17:05:00+00:00,,,56.02308285714286,,,,,,,56.02308285714286
2024-11-06 17:06:00+00:00,,,19.7229775,,,,,,,19.7229775
2024-11-06 17:10:00+00:00,,,0.0,,,,,,,0.0
2024-11-06 17:11:00+00:00,,,0.0,,,,,,,0.0
2024-11-06 17:12:00+00:00,,,87.84731933333335,,,,,,,87.84731933333335
2024-11-06 17:19:00+00:00,,,67.07761357142856,,,,,,,67.07761357142856
2024-11-06 17:20:00+00:00,,,91.43458,,,,,,,91.43458
2024-11-06 17:21:00+00:00,,,99.13526000000002,,,,,,,99.13526000000002
2024-11-06 17:22:00+00:00,,,58.49308999999999,,,,,,,58.49308999999999
2024-11-06 17:23:00+00:00,,,52.481384166666665,,,,,,,52.481384166666665
2024-11-06 17:24:00+00:00,,,41.67279363636363,,,,,,,41.67279363636363
2024-11-06 17:25:00+00:00,,,33.8735,,,,,,,33.8735
2024-11-06 17:43:00+00:00,,,82.185196,,,,,,,82.185196
2024-11-06 17:44:00+00:00,,,148.966525,,,,,,,148.966525
2024-11-06 17:45:00+00:00,,,88.27634499999999,,,,,,,88.27634499999999
2024-11-06 17:46:00+00:00,,,0.0,,,,,,,0.0
2024-11-06 17:47:00+00:00,,,86.38200533333334,,,,,,,86.38200533333334
2024-11-06 17:48:00+00:00,,,0.0,,,,,,,0.0
2024-11-06 18:12:00+00:00,,,95.84646133333334,,,,,,,95.84646133333334
2024-11-06 18:13:00+00:00,,,148.83211,,,,,,,148.83211
2024-11-06 18:14:00+00:00,,,0.0,,,,,,,0.0
2024-11-06 18:15:00+00:00,,,0.0,,,,,,,0.0
2024-11-06 18:19:00+00:00,,,0.0,,,,,,,0.0
2024-11-06 18:20:00+00:00,,,0.0,,,,,,,0.0
2024-11-06 18:21:00+00:00,,,0.0,,,,,,,0.0
2024-11-06 18:22:00+00:00,,,0.0,,,,,,,0.0
2024-11-06 18:23:00+00:00,,,0.0,,,,,,,0.0
2024-11-06 18:24:00+00:00,,,0.0,,,,,,,0.0
2024-11-06 18:28:00+00:00,,,21.437374,,,,,,,21.437374
2024-11-06 18:29:00+00:00,,,134.13270333333335,,,,,,,134.13270333333335
2024-11-06 18:30:00+00:00,,,149.65372,,,,,,,149.65372
2024-11-06 18:31:00+00:00,,,149.57878,,,,,,,149.57878
2024-11-06 18:32:00+00:00,,,149.680115,,,,,,,149.680115
2024-11-06 18:33:00+00:00,,,149.68019333333334,,,,,,,149.68019333333334
2024-11-06 18:34:00+00:00,,,149.79183999999998,,,,,,,149.79183999999998
2024-11-06 18:35:00+00:00,,,149.64525,,,,,,,149.64525
2024-11-06 18:36:00+00:00,,,149.80375,,,,,,,149.80375
2024-11-06 18:37:00+00:00,,,149.93945,,,,,,,149.93945
2024-11-06 18:38:00+00:00,,,149.91434,,,,,,,149.91434
2024-11-06 18:39:00+00:00,,,149.78320000000002,,,,,,,149.78320000000002
2024-11-06 18:40:00+00:00,,,149.484305,,,,,,,149.484305
2024-11-06 18:41:00+00:00,,,149.88144,,,,,,,149.88144
2024-11-06 18:42:00+00:00,,,53.72895,,,,,,,53.72895
2024-11-06 18:45:00+00:00,,,0.0,,,,,,,0.0
2024-11-06 18:46:00+00:00,,,91.592966875,,,,,,,91.592966875
2024-11-06 18:47:00+00:00,,,149.93399,,,,,,,149.93399
2024-11-06 18:48:00+00:00,,,149.815865,,,,,,,149.815865
2024-11-06 18:49:00+00:00,,,149.972215,,,,,,,149.972215
2024-11-06 18:50:00+00:00,,,149.76786,,,,,,,149.76786
2024-11-06 18:51:00+00:00,,,150.0961,,,,,,,150.0961
2024-11-06 18:52:00+00:00,,,150.06387,,,,,,,150.06387
2024-11-06 18:53:00+00:00,,,150.10485,,,,,,,150.10485
2024-11-06 18:54:00+00:00,,,150.04643000000002,,,,,,,150.04643000000002
2024-11-06 18:55:00+00:00,,,110.65541000000002,,,,,,,110.65541000000002
2024-11-06 19:26:00+00:00,0.0,,,,,,,,,0.0
2024-11-06 19:27:00+00:00,174.143,,,,,,,,,174.143
2024-11-06 19:28:00+00:00,164.121,,,,,,,,,164.121
2024-11-06 19:29:00+00:00,158.184,,,,,,,,,158.184
2024-11-06 19:30:00+00:00,154.811,,,,,,,,,154.811
2024-11-06 19:31:00+00:00,154.492,,,,,,,,,154.492
2024-11-06 19:32:00+00:00,144.874,,,,,,,,,144.874
2024-11-06 19:35:00+00:00,0.0,,,,,,,,,0.0
2024-11-06 19:43:00+00:00,,,0.0,,,,,,,0.0
2024-11-06 19:44:00+00:00,,,0.0,,,,,,,0.0
2024-11-06 19:45:00+00:00,,,86.33117874999999,,,,,,,86.33117874999999
2024-11-06 19:47:00+00:00,0.0,,,,,,,,,0.0
2024-11-06 19:48:00+00:00,148.63,,0.0,,,,,,,148.63
2024-11-06 19:49:00+00:00,145.978,,61.850171200000005,,,,,,,207.8281712
2024-11-06 19:50:00+00:00,115.246,,66.70383555555557,,,,,,,181.94983555555558
2024-11-06 19:51:00+00:00,,,38.992836000000004,,,,,,,38.992836000000004
2024-11-06 20:50:00+00:00,,,0.0,,,,,,,0.0
2024-11-06 20:51:00+00:00,,,0.0,,,,,,,0.0
2024-11-06 21:04:00+00:00,0.0,50.4454531,,,,,,,,50.4454531
2024-11-06 21:05:00+00:00,129.856,50.329601600000004,,,,,,,,180.18560159999998
2024-11-06 21:06:00+00:00,89.363,50.3956211,,,,,,,,139.7586211
2024-11-06 21:07:00+00:00,73.37,50.3775625,,,,,,,,123.74756250000002
2024-11-07 19:14:00+00:00,,,,,5.7,,,,,5.7
2024-11-07 19:15:00+00:00,,,,,11.4,,,,,11.4
2024-11-07 19:16:00+00:00,,,,,11.4,,,,,11.4
2024-11-07 19:17:00+00:00,,,,,11.350000000000001,0.6,,,,11.950000000000001
2024-11-07 19:18:00+00:00,,,,,11.3,11.4,,,,22.700000000000003
2024-11-07 19:19:00+00:00,,,,,11.3,11.4,,,,22.700000000000003
2024-11-07 19:20:00+00:00,,,,,11.25,11.350000000000001,,,,22.6
2024-11-07 19:21:00+00:00,,,,,11.25,11.3,,,,22.55
2024-11-07 19:22:00+00:00,,,,,11.2,11.300000000000002,,,,22.5
2024-11-07 19:23:00+00:00,,,,,11.25,11.3,,19.1,,41.650000000000006
2024-11-07 19:24:00+00:00,,,,,11.3,11.3,,,,22.6
2024-11-07 19:25:00+00:00,,,,,11.3,11.350000000000001,,,,22.650000000000002
2024-11-07 19:26:00+00:00,,,,,11.4,11.45,,,,22.85
2024-11-07 19:27:00+00:00,,,,,11.4,11.4,,,,22.8
2024-11-07 19:28:00+00:00,,,,,11.4,11.4,,,,22.8
2024-11-07 19:29:00+00:00,,,,,11.4,6.6000000000000005,2.05,,,20.05
2024-11-07 19:30:00+00:00,,,,,11.350000000000001,5.9,13.25,,,30.5
2024-11-07 19:31:00+00:00,,,,,5.7,,19.299999999999997,,,24.999999999999996
2024-11-07 19:32:00+00:00,,,,,,,19.3,,,19.3
2024-11-07 19:33:00+00:00,,,,,,,19.3,,,19.3
2024-11-07 19:34:00+00:00,,,,,,,9.65,,,9.65
2024-11-07 19:40:00+00:00,,,,,,,,19.3,,19.3
2024-11-07 19:48:00+00:00,,,,,5.7,,,,,5.7
2024-11-07 19:49:00+00:00,,,,,10.45,0.0,,,,10.45
2024-11-07 19:50:00+00:00,,,,,9.5,9.5,,,,19.0
2024-11-07 19:51:00+00:00,,,,,9.5,9.55,,,,19.05
2024-11-07 19:52:00+00:00,,,,,9.5,9.55,,,,19.05
2024-11-07 19:53:00+00:00,,,,,8.05,9.5,0.0,,,17.55
2024-11-07 19:54:00+00:00,,,,,6.6,6.65,5.5,,,18.75
2024-11-07 19:55:00+00:00,,,,,6.6,6.6,6.9,,,20.1
2024-11-07 19:56:00+00:00,,,,,6.6,6.6,6.9,,,20.1
2024-11-07 19:57:00+00:00,,,,,6.5,6.6,4.6000000000000005,,,17.7
2024-11-07 19:58:00+00:00,,,,,8.05,7.666666666666667,,,,15.716666666666669
2024-11-07 19:59:00+00:00,,,,,6.6,6.6,,,,13.2
2024-11-07 20:00:00+00:00,,,,,6.6,6.6,,,,13.2
2024-11-07 20:01:00+00:00,,,,,3.3,0.0,,,,3.3
2024-11-07 20:03:00+00:00,,,,,,,,18.0,,18.0
2024-11-07 20:08:00+00:00,,,,,,,,18.0,,18.0
2024-11-07 20:13:00+00:00,,,,,,,,18.0,,18.0
2024-11-07 20:18:00+00:00,,,,,,,,18.0,,18.0
2024-11-07 20:21:00+00:00,,,,,6.1000000000000005,0.0,,,,6.1000000000000005
2024-11-07 20:22:00+00:00,,,,,10.45,9.5,,,,19.95
2024-11-07 20:23:00+00:00,,,,,9.5,9.5,,,,19.0
2024-11-07 20:24:00+00:00,,,,,9.5,8.05,0.9,,,18.45
2024-11-07 20:25:00+00:00,,,,,6.6,6.6,5.550000000000001,,,18.75
2024-11-07 20:26:00+00:00,,,,,6.6,6.6,4.6000000000000005,,,17.8
2024-11-07 20:27:00+00:00,,,,,9.5,9.5,,,,19.0
2024-11-07 20:28:00+00:00,,,,,8.05,6.65,,,,14.700000000000001
2024-11-07 20:29:00+00:00,,,,,6.6,7.25,,,,13.85
2024-11-07 20:30:00+00:00,,,,,10.45,7.85,,,,18.299999999999997
2024-11-07 20:31:00+00:00,,,,,10.4,7.85,,,,18.25
2024-11-07 20:32:00+00:00,,,,,10.4,9.7,,,,20.1
2024-11-07 20:33:00+00:00,,,,,10.5,7.9,,2.0,,20.4
2024-11-07 20:34:00+00:00,,,,,0.0,3.45,,,,3.45
2024-11-07 20:35:00+00:00,,,,,,,,18.0,,18.0
2024-11-07 20:36:00+00:00,,,,,,,,18.0,,18.0
2024-11-07 20:37:00+00:00,,,,,,,,7.449999999999999,,7.449999999999999
2024-11-07 20:38:00+00:00,,,,,,,,17.3,,17.3
2024-11-07 20:39:00+00:00,,,,,,,,18.1,,18.1
2024-11-07 20:40:00+00:00,,,,,0.0,,,18.1,,18.1
2024-11-07 20:41:00+00:00,,,,,0.0,,,,,0.0
2024-11-07 20:42:00+00:00,,,,,5.75,0.0,,,,5.75
2024-11-07 20:43:00+00:00,,,,,9.45,9.5,,,,18.95
2024-11-07 20:44:00+00:00,,,,,8.466666666666667,8.0,,,,16.46666666666667
2024-11-07 20:45:00+00:00,,,,,6.5,6.6,,5.449999999999999,,18.549999999999997
2024-11-07 20:46:00+00:00,,,,,6.5,6.6,,6.85,,19.95
2024-11-07 20:47:00+00:00,,,,,6.5,6.55,,6.900000000000001,,19.950000000000003
2024-11-07 20:48:00+00:00,,,,,7.85,8.149999999999999,,,,15.999999999999998
2024-11-07 20:49:00+00:00,,,,,9.4,9.7,,,,19.1
2024-11-07 20:50:00+00:00,,,11.754606666666666,,9.4,9.7,,,,30.854606666666665
2024-11-07 20:51:00+00:00,,,,,9.4,9.7,,,,19.1
2024-11-07 20:52:00+00:00,,,,,9.4,9.6,,,,19.0
2024-11-07 20:53:00+00:00,,,,,9.4,9.5,,,,18.9
2024-11-07 20:54:00+00:00,,,,,9.4,4.75,,,,14.15
2024-11-07 20:55:00+00:00,,,,,9.4,,,,,9.4
2024-11-07 20:56:00+00:00,,,,,9.4,,,,,9.4
2024-11-07 20:57:00+00:00,0.0,,,,9.4,,,,,9.4
2024-11-07 20:58:00+00:00,129.745,,,,9.4,,,,,139.145
2024-11-07 20:59:00+00:00,118.396,,,,9.4,,,,,127.796
2024-11-07 21:00:00+00:00,93.685,,,,9.4,,,,,103.08500000000001
2024-11-07 21:01:00+00:00,79.497,,,,9.4,,,,,88.897
2024-11-07 21:02:00+00:00,66.352,,,,9.4,,,,,75.75200000000001
2024-11-07 21:03:00+00:00,57.982,,,,9.4,,,,,67.382
2024-11-07 21:04:00+00:00,50.155,,,,9.4,,,,,59.555
2024-11-07 21:05:00+00:00,43.514,,,,9.4,,,,,52.914
2024-11-07 21:06:00+00:00,40.239,,,,9.4,,,,,49.638999999999996
2024-11-07 21:07:00+00:00,35.155,,,,11.3,,,,,46.455
2024-11-07 21:08:00+00:00,32.39,,,,11.3,,,,,43.69
2024-11-07 21:09:00+00:00,29.626,,,,,,,,,29.626
2024-11-07 21:10:00+00:00,28.796,,,,,,,,,28.796
2024-11-07 21:11:00+00:00,28.548,,,,,,,,,28.548
2024-11-07 21:12:00+00:00,28.896,,,,,,,,,28.896
2024-11-07 21:13:00+00:00,28.984,,,,,,0.0,,,28.984
2024-11-07 21:14:00+00:00,28.873,,,,,,11.5,,,40.373000000000005
2024-11-07 21:15:00+00:00,28.945,,,,,,11.45,,,40.394999999999996
2024-11-07 21:16:00+00:00,29.378,,,,,,11.4,,,40.778
2024-11-07 21:17:00+00:00,25.805,,,,,,11.4,,,37.205
2024-11-07 21:18:00+00:00,23.394,,,,,,11.4,,,34.794
2024-11-07 21:19:00+00:00,22.064,,,,,,11.4,,,33.464
2024-11-07 21:20:00+00:00,20.618,,,,,,11.4,,,32.018
2024-11-07 21:21:00+00:00,18.624,,,,,,11.4,,,30.024
2024-11-07 21:22:00+00:00,17.038,,113.52783000000001,,,,11.4,,,141.96583
2024-11-07 21:23:00+00:00,15.452,,113.673915,,,,11.4,,,140.525915
2024-11-07 21:24:00+00:00,14.274,,113.94694999999999,,,,11.4,,,139.62095
2024-11-07 21:25:00+00:00,12.265,,92.14888,,,,11.4,,,115.81388000000001
2024-11-07 21:26:00+00:00,11.865,,,,,,,,,11.865
2024-11-07 21:27:00+00:00,10.309,,,,,,,,,10.309
2024-11-07 21:28:00+00:00,,,,,,,0.0,,,0.0
2024-11-07 21:29:00+00:00,,,,,,,11.4,,,11.4
2024-11-07 21:30:00+00:00,,,,,,,0.0,,,0.0
2024-11-07 21:34:00+00:00,,,67.21598399999999,,,,,,,67.21598399999999
2024-11-07 21:35:00+00:00,,,123.07523692307691,,,,,,,123.07523692307691
2024-11-07 21:36:00+00:00,,,101.615306,,,,,,,101.615306
2024-11-07 21:37:00+00:00,,,84.19928,,,,,,,84.19928
2024-11-07 21:38:00+00:00,,,73.11234166666667,,,,,,,73.11234166666667
2024-11-07 21:39:00+00:00,,,64.75776,,,,,,,64.75776
2024-11-07 21:40:00+00:00,,,57.4782175,,,,,,,57.4782175
2024-11-07 21:41:00+00:00,,,50.84959333333334,,,,,,,50.84959333333334
2024-11-07 21:42:00+00:00,,,0.0,,,,,,,0.0
2024-11-07 21:43:00+00:00,,,59.62755285714287,,,,,,,59.62755285714287
2024-11-07 21:44:00+00:00,,,47.71963875,,,,,,,47.71963875
2024-11-07 21:45:00+00:00,,,38.866299999999995,,,,,,,38.866299999999995
2024-11-07 21:48:00+00:00,,,29.854400000000002,,,,,,,29.854400000000002
2024-11-07 21:49:00+00:00,,,29.854400000000002,,,,,,,29.854400000000002
2024-11-07 21:50:00+00:00,,,29.854400000000002,,,,,,,29.854400000000002
2024-11-07 21:51:00+00:00,,,29.65723,,,,,,,29.65723
2024-11-07 21:52:00+00:00,,,29.75924,,,,,,,29.75924
2024-11-07 21:53:00+00:00,,,29.86125,,,,,,,29.86125
2024-11-07 21:54:00+00:00,,,29.842005,,,,,,,29.842005
2024-11-07 21:55:00+00:00,,,27.078519999999997,,,,,,,27.078519999999997
2024-11-07 21:56:00+00:00,,,24.842125000000003,,,,,,,24.842125000000003
2024-11-07 21:57:00+00:00,,,22.00965,,,,,,,22.00965
2024-11-07 21:58:00+00:00,,,20.136875000000003,,,,,,,20.136875000000003
2024-11-07 21:59:00+00:00,,,18.34138,,,,,,,18.34138
2024-11-07 22:00:00+00:00,,,16.53276,,,,,,,16.53276
2024-11-07 22:01:00+00:00,,,15.50943,,,,,,,15.50943
2024-11-07 22:02:00+00:00,,,13.63725,,,,,,,13.63725
2024-11-07 22:03:00+00:00,,,12.720125,,,,,,,12.720125
2024-11-07 22:04:00+00:00,,,2.8404920000000002,,,,,,,2.8404920000000002
2024-11-07 22:05:00+00:00,,,0.0,,,,,,,0.0
2024-11-07 22:06:00+00:00,,,0.0,,,,,,,0.0
2024-11-07 22:07:00+00:00,,,0.0,,,,,,,0.0
2024-11-07 22:08:00+00:00,,,0.0,,,,,,,0.0
2024-11-07 22:09:00+00:00,,,0.0,,,,,,,0.0
2024-11-07 22:10:00+00:00,,,0.0,,,,,,,0.0
2024-11-07 22:11:00+00:00,,,0.0,,,,,,,0.0
2024-11-07 22:12:00+00:00,,,0.0,,,,,,,0.0
2024-11-07 22:13:00+00:00,,,0.0,,,,,,,0.0
2024-11-07 22:14:00+00:00,,,0.0,,,,,,,0.0
2024-11-07 22:15:00+00:00,,,0.0,,,,,,,0.0
2024-11-07 22:16:00+00:00,,,0.0,,,,,,,0.0
2024-11-07 22:17:00+00:00,,,0.0,,,,,,,0.0
2024-11-07 22:18:00+00:00,,,0.0,,,,,,,0.0
2024-11-07 22:19:00+00:00,,,0.0,,,,,,,0.0
2024-11-10 21:15:00+00:00,0.0,,,,,,,,,0.0
2024-11-10 21:16:00+00:00,111.12,,,,,,,,,111.12
2024-11-10 21:17:00+00:00,111.9,,,,,,,,,111.9
2024-11-10 21:18:00+00:00,112.5,,,,,,,,,112.5
2024-11-10 21:19:00+00:00,112.98,,,,,,,,,112.98
2024-11-10 21:20:00+00:00,113.34,,,,,,,,,113.34
2024-11-10 21:21:00+00:00,113.82,,,,,,,,,113.82
2024-11-10 21:22:00+00:00,114.18,,,,,,,,,114.18
2024-11-10 21:23:00+00:00,114.54,,,,,,,,,114.54
2024-11-10 21:24:00+00:00,114.9,,,,,,,,,114.9
2024-11-10 21:25:00+00:00,115.32,,,,,,,,,115.32
2024-11-10 21:26:00+00:00,115.56,,,,,,,,,115.56
2024-11-10 21:27:00+00:00,115.98,,,,,,,,,115.98
2024-11-10 21:28:00+00:00,116.34,,,,,,,,,116.34
2024-11-10 21:29:00+00:00,116.76,,,,,,,,,116.76
2024-11-10 21:30:00+00:00,116.94,,,,,,,,,116.94
2024-11-10 21:31:00+00:00,117.3,,,,,,,,,117.3
2024-11-10 21:32:00+00:00,117.6,,,,,,,,,117.6
2024-11-10 21:33:00+00:00,117.84,,,,,,,,,117.84
2024-11-10 21:34:00+00:00,118.2,,,,,,,,,118.2
2024-11-10 21:35:00+00:00,118.044,,,,,,,,,118.044
2024-11-10 21:36:00+00:00,117.886,,,,,,,,,117.886
2024-11-10 21:37:00+00:00,56.131,,,,,,,,,56.131
2024-11-10 21:38:00+00:00,53.498,,,,,,,,,53.498
2024-11-10 21:39:00+00:00,53.498,,,,,,,,,53.498
2024-11-10 21:40:00+00:00,54.802,,,,,,,,,54.802
2024-11-10 21:41:00+00:00,53.728,,,,,,,,,53.728
2024-11-10 21:42:00+00:00,53.774,,,,,,,,,53.774
2024-11-10 21:43:00+00:00,53.866,,,,,,,,,53.866
2024-11-10 21:44:00+00:00,54.303,,,,,,,,,54.303
2024-11-10 21:45:00+00:00,54.442,,,,,,,,,54.442
2024-11-13 01:07:00+00:00,0.0,,,,,,,,,0.0
2024-11-13 01:08:00+00:00,122.16,,,,,,,,,122.16
2024-11-13 01:09:00+00:00,122.88,,,,,,,,,122.88
2024-11-13 01:10:00+00:00,123.3,,,,,,,,,123.3
2024-11-13 01:11:00+00:00,123.6,,,,,,,,,123.6
2024-11-13 01:12:00+00:00,124.26,,,,,,,,,124.26
2024-11-13 01:13:00+00:00,124.56,,,,,,,,,124.56
2024-11-13 01:14:00+00:00,124.7,,,,,,,,,124.7
2024-11-13 01:15:00+00:00,125.0,,,,,,,,,125.0
2024-11-13 01:16:00+00:00,125.3,,,,,,,,,125.3
2024-11-13 01:17:00+00:00,125.75,,,,,,,,,125.75
2024-11-13 01:18:00+00:00,126.05,,,,,,,,,126.05
2024-11-13 01:19:00+00:00,126.5,,,,,,,,,126.5
2024-11-13 01:20:00+00:00,126.9,,,,,,,,,126.9
2024-11-13 01:21:00+00:00,127.6,,,,,,,,,127.6
2024-11-13 01:22:00+00:00,128.0,,,,,,,,,128.0
2024-11-13 01:23:00+00:00,128.65,,,,,,,,,128.65
2024-11-13 01:24:00+00:00,129.2,,,,,,,,,129.2
2024-11-13 01:25:00+00:00,129.85,,,,,,,,,129.85
2024-11-13 01:26:00+00:00,130.5,,,,,,,,,130.5
2024-11-13 01:27:00+00:00,131.4,,,,,,,,,131.4
2024-11-13 01:28:00+00:00,127.991,,,,,,,,,127.991
2024-11-13 01:29:00+00:00,122.112,,,,,,,,,122.112
2024-11-13 01:30:00+00:00,114.374,,,,,,,,,114.374
2024-11-13 17:50:00+00:00,0.0,,,,,,,,,0.0
2024-11-13 17:51:00+00:00,108.852,,,,,,,,,108.852
2024-11-13 17:52:00+00:00,108.943,,,,,,,,,108.943
2024-11-13 17:53:00+00:00,104.997,,,,,,,,,104.997
2024-11-13 17:54:00+00:00,96.819,,,,,,,,,96.819
2024-11-13 17:55:00+00:00,90.961,,,,,,,,,90.961
2024-11-13 17:56:00+00:00,86.842,,,,,,,,,86.842
2024-11-13 17:57:00+00:00,82.284,,,,,,,,,82.284
2024-11-13 17:58:00+00:00,82.284,,,,,,,,,82.284
2024-11-13 17:59:00+00:00,92.82,,,,,,,,,92.82
2024-11-13 18:00:00+00:00,103.757,,,,,,,,,103.757
2024-11-13 18:01:00+00:00,114.895,,,,,,,,,114.895
2024-11-13 18:02:00+00:00,117.72,,,,,,,,,117.72
2024-11-13 18:03:00+00:00,117.9,,,,,,,,,117.9
2024-11-13 18:04:00+00:00,118.38,,,,,,,,,118.38
2024-11-13 18:05:00+00:00,114.095,,,,,,,,,114.095
2024-11-13 18:06:00+00:00,108.11,,,,,,,,,108.11
2024-11-13 18:07:00+00:00,104.675,,,,,,,,,104.675
2024-11-13 18:08:00+00:00,51.304,,,,,,,,,51.304
2024-11-13 18:09:00+00:00,51.216,,,,,,,,,51.216
2024-11-14 20:38:00+00:00,15.68,,,,,,,,,15.68
2024-11-14 20:39:00+00:00,15.72,,,,,,,,,15.72
2024-11-14 20:40:00+00:00,15.68,,,,,,,,,15.68
2024-11-14 20:41:00+00:00,15.68,,,,,,,,,15.68
2024-11-14 20:42:00+00:00,12.936,,,,,,,,,12.936
2024-11-14 22:20:00+00:00,0.371,,,,,,,,,0.371
2024-11-14 22:21:00+00:00,115.818,,,,,,,,,115.818
2024-11-14 22:22:00+00:00,120.84,,,,,,,,,120.84
2024-11-14 22:23:00+00:00,121.92,,,,,,,,,121.92
2024-11-14 22:24:00+00:00,122.34,,,,,,,,,122.34
2024-11-14 22:25:00+00:00,122.88,,,,,,,,,122.88
2024-11-14 22:26:00+00:00,123.18,,,,,,,,,123.18
2024-11-14 22:27:00+00:00,123.48,,,,,,,,,123.48
2024-11-14 22:28:00+00:00,123.78,,,,,,,,,123.78
2024-11-14 22:29:00+00:00,124.14,,,,,,,,,124.14
2024-11-14 22:30:00+00:00,124.44,,,,,,,,,124.44
2024-11-14 22:31:00+00:00,124.68,,,,,,,,,124.68
2024-11-14 22:32:00+00:00,124.9,,,,,,,,,124.9
2024-11-14 22:33:00+00:00,125.25,,,,,,,,,125.25
2024-11-14 22:34:00+00:00,125.45,,,,,,,,,125.45
2024-11-14 22:35:00+00:00,125.7,,,,,,,,,125.7
2024-11-14 22:36:00+00:00,126.05,,,,,,,,,126.05
2024-11-14 22:37:00+00:00,126.4,,,,,,,,,126.4
2024-11-14 22:38:00+00:00,126.8,,,,,,,,,126.8
2024-11-14 22:39:00+00:00,127.2,,,,,,,,,127.2
2024-11-14 22:40:00+00:00,127.55,,,,,,,,,127.55
2024-11-14 22:41:00+00:00,128.1,,,,,,,,,128.1
2024-11-14 22:42:00+00:00,128.7,,,,,,,,,128.7
2024-11-14 22:43:00+00:00,129.2,,,,,,,,,129.2
2024-11-14 22:44:00+00:00,129.75,,,,,,,,,129.75
2024-11-14 22:45:00+00:00,130.4,,,,,,,,,130.4
2024-11-14 22:46:00+00:00,131.1,,,,,,,,,131.1
2024-11-14 22:47:00+00:00,131.85,,,,,,,,,131.85
2024-11-14 22:48:00+00:00,129.31,,,,,,,,,129.31
2024-11-14 22:49:00+00:00,120.667,,,,,,,,,120.667
2024-11-14 22:50:00+00:00,112.914,,,,,,,,,112.914
2024-11-14 22:51:00+00:00,105.435,,,,,,,,,105.435
2024-11-14 22:52:00+00:00,98.436,,,,,,,,,98.436
2024-11-14 22:53:00+00:00,91.568,,,,,,,,,91.568
2024-11-14 22:54:00+00:00,85.392,,,,,,,,,85.392
2024-11-14 22:55:00+00:00,79.7,,,,,,,,,79.7
2024-11-14 22:56:00+00:00,74.441,,,,,,,,,74.441
2024-11-15 14:19:00+00:00,0.0,,,,,,,,,0.0
2024-11-15 14:20:00+00:00,97.843,,,,,,,,,97.843
2024-11-15 14:21:00+00:00,90.16,,,,,,,,,90.16
2024-11-15 14:22:00+00:00,87.12,,,,,,,,,87.12
2024-11-15 14:23:00+00:00,84.6,,,,,,,,,84.6
2024-11-15 14:24:00+00:00,83.276,,,,,,,,,83.276
2024-11-15 14:25:00+00:00,81.586,,,,,,,,,81.586
2024-11-15 14:26:00+00:00,80.808,,,,,,,,,80.808
2024-11-15 14:27:00+00:00,81.699,,,,,,,,,81.699
2024-11-15 14:28:00+00:00,88.27,,,,,,,,,88.27
2024-11-15 14:29:00+00:00,92.142,,,,,,,,,92.142
2024-11-15 14:30:00+00:00,93.857,,,,,,,,,93.857
2024-11-15 14:31:00+00:00,95.212,,,,,,,,,95.212
2024-11-15 14:32:00+00:00,96.101,,,,,,,,,96.101
2024-11-15 14:33:00+00:00,89.646,,,,,,,,,89.646
2024-11-15 14:34:00+00:00,89.424,,,,,,,,,89.424
2024-11-15 14:35:00+00:00,88.109,,,,,,,,,88.109
2024-11-15 14:36:00+00:00,85.978,,,,,,,,,85.978
2024-11-15 14:37:00+00:00,84.788,,,,,,,,,84.788
2024-11-15 14:38:00+00:00,83.789,,,,,,,,,83.789
2024-11-15 14:39:00+00:00,85.56,,,,,,,,,85.56
2024-11-15 14:40:00+00:00,87.084,,,,,,,,,87.084
2024-11-15 14:41:00+00:00,87.058,,,,,,,,,87.058
2024-11-15 14:42:00+00:00,84.601,,,,,,,,,84.601
2024-11-15 14:43:00+00:00,79.336,,,,,,,,,79.336
2024-11-15 14:44:00+00:00,74.923,,,,,,,,,74.923
2024-11-15 14:45:00+00:00,72.007,,,,,,,,,72.007
2024-11-15 14:46:00+00:00,70.97,,,,,,,,,70.97
2024-11-15 14:47:00+00:00,69.69,,,,,,,,,69.69
2024-11-15 14:48:00+00:00,68.645,,,,,,,,,68.645
2024-11-15 14:49:00+00:00,67.685,,,,,,,,,67.685
2024-11-15 14:50:00+00:00,66.294,,,,,,,,,66.294
2024-11-15 14:51:00+00:00,65.265,,,,,,,,,65.265
2024-11-15 14:52:00+00:00,35.816,,,,,,,,,35.816
2024-11-15 14:53:00+00:00,35.863,,,,,,,,,35.863
2024-11-15 14:54:00+00:00,35.863,,,,,,,,,35.863
2024-11-15 14:55:00+00:00,35.958,,,,,,,,,35.958
2024-11-15 14:56:00+00:00,36.006,,,,,,,,,36.006
2024-11-15 14:57:00+00:00,36.053,,,,,,,,,36.053
2024-11-15 14:58:00+00:00,36.148,,,,,,,,,36.148
2024-11-15 14:59:00+00:00,36.576,,,,,,,,,36.576
2024-11-15 15:00:00+00:00,36.624,,,,,,,,,36.624
2024-11-15 15:01:00+00:00,36.624,,,,,,,,,36.624
2024-11-15 15:02:00+00:00,36.72,,,,,,,,,36.72
2024-11-15 15:03:00+00:00,36.768,,,,,,,,,36.768
2024-11-15 15:04:00+00:00,36.864,,,,,,,,,36.864
2024-11-15 15:05:00+00:00,36.912,,,,,,,,,36.912
2024-11-15 15:06:00+00:00,36.96,,,,,,,,,36.96
2024-11-15 15:07:00+00:00,37.056,,,,,,,,,37.056
2024-11-15 15:08:00+00:00,37.539,,,,,,,,,37.539
2024-11-15 15:09:00+00:00,37.539,,,,,,,,,37.539
2024-11-15 15:10:00+00:00,37.636,,,,,,,,,37.636
2024-11-15 15:11:00+00:00,37.685,,,,,,,,,37.685
2024-11-15 15:12:00+00:00,37.782,,,,,,,,,37.782
2024-11-15 15:13:00+00:00,37.83,,,,,,,,,37.83
2024-11-15 15:14:00+00:00,29.176,,,,,,,,,29.176
2024-11-15 15:15:00+00:00,29.176,,,,,,,,,29.176
2024-11-15 15:16:00+00:00,26.452,,,,,,,,,26.452
2024-11-15 15:17:00+00:00,22.922,,,,,,,,,22.922
2024-11-15 15:18:00+00:00,22.922,,,,,,,,,22.922
2024-11-15 15:19:00+00:00,18.236,,,,,,,,,18.236
2024-11-15 15:20:00+00:00,18.283,,,,,,,,,18.283
2024-11-15 15:21:00+00:00,18.283,,,,,,,,,18.283
2024-11-15 15:22:00+00:00,14.356,,,,,,,,,14.356
2024-11-15 15:23:00+00:00,14.393,,,,,,,,,14.393
2024-11-15 15:24:00+00:00,14.393,,,,,,,,,14.393
2024-11-15 15:25:00+00:00,11.252,,,,,,,,,11.252
2024-11-15 15:26:00+00:00,11.252,,,,,,,,,11.252
2024-11-15 15:27:00+00:00,11.281,,,,,,,,,11.281
2024-11-15 15:28:00+00:00,8.924,,,,,,,,,8.924
2024-11-15 15:29:00+00:00,8.924,,,,,,,,,8.924
2024-11-15 15:30:00+00:00,8.924,,,,,,,,,8.924
2024-11-15 15:31:00+00:00,6.984,,,,,,,,,6.984
2024-11-15 15:32:00+00:00,6.984,,,,,,,,,6.984
2024-11-15 15:33:00+00:00,6.984,,,,,,,,,6.984
2024-11-15 15:34:00+00:00,5.432,,,,,,,,,5.432
2024-11-15 15:35:00+00:00,5.432,,,,,,,,,5.432
2024-11-15 15:36:00+00:00,5.418,,,,,,,,,5.418
2024-11-15 15:37:00+00:00,5.432,,,,,,,,,5.432
2024-11-15 15:38:00+00:00,4.257,,,,,,,,,4.257
2024-11-15 15:39:00+00:00,4.268,,,,,,,,,4.268
2024-11-15 15:40:00+00:00,4.257,,,,,,,,,4.257
2024-11-15 15:41:00+00:00,4.268,,,,,,,,,4.268
2024-11-16 15:31:00+00:00,,,0.0,,,,,,,0.0
2024-11-16 15:33:00+00:00,,,0.0,,,,,,,0.0
2024-11-16 15:34:00+00:00,0.0,,,,,,,,,0.0
2024-11-16 15:35:00+00:00,103.26,,,,,,,,,103.26
2024-11-16 15:36:00+00:00,104.34,,,,,,,,,104.34
2024-11-16 15:37:00+00:00,104.88,,,,,,,,,104.88
2024-11-16 15:38:00+00:00,105.36,,,,,,,,,105.36
2024-11-16 15:39:00+00:00,105.66,,,,,,,,,105.66
2024-11-16 15:40:00+00:00,105.9,,,,,,,,,105.9
2024-11-16 15:41:00+00:00,106.2,,,,,,,,,106.2
2024-11-16 15:42:00+00:00,106.44,,,,,,,,,106.44
2024-11-16 15:43:00+00:00,106.62,,,,,,,,,106.62
2024-11-16 15:44:00+00:00,106.86,,,,,,,,,106.86
2024-11-16 15:45:00+00:00,107.04,,,,,,,,,107.04
2024-11-16 15:46:00+00:00,107.4,,,,,,,,,107.4
2024-11-16 15:47:00+00:00,107.58,,,,,,,,,107.58
2024-11-16 15:48:00+00:00,107.76,,,,,,,,,107.76
2024-11-16 15:49:00+00:00,108.06,,,,,,,,,108.06
2024-11-16 15:50:00+00:00,108.3,,,,,,,,,108.3
2024-11-16 15:51:00+00:00,108.6,,,,,,,,,108.6
2024-11-16 15:52:00+00:00,108.78,,,,,,,,,108.78
2024-11-16 15:53:00+00:00,108.96,,,,,,,,,108.96
2024-11-16 15:54:00+00:00,109.26,,,,,,,,,109.26
2024-11-16 15:55:00+00:00,109.5,,,,,,,,,109.5
2024-11-16 15:56:00+00:00,109.8,,,,,,,,,109.8
2024-11-16 15:57:00+00:00,110.04,,,,,,,,,110.04
2024-11-16 15:58:00+00:00,110.22,,,,,,,,,110.22
2024-11-16 15:59:00+00:00,110.517,,,,,,,,,110.517
2024-11-16 16:00:00+00:00,110.996,,,,,,,,,110.996
2024-11-16 16:01:00+00:00,111.057,,,,,,,,,111.057
2024-11-19 15:15:00+00:00,0.0,,,,,,,,,0.0
2024-11-19 15:16:00+00:00,40.81,,,,,,,,,40.81
2024-11-19 15:17:00+00:00,40.548,,,,,,,,,40.548
2024-11-19 15:51:00+00:00,112.38,,,,,,,,,112.38
2024-11-19 15:52:00+00:00,113.04,,,,,,,,,113.04
2024-11-19 15:53:00+00:00,113.64,,,,,,,,,113.64
2024-11-19 15:54:00+00:00,114.06,,,,,,,,,114.06
2024-11-19 15:55:00+00:00,114.42,,,,,,,,,114.42
2024-11-19 15:56:00+00:00,114.72,,,,,,,,,114.72
2024-11-19 15:57:00+00:00,115.02,,,,,,,,,115.02
2024-11-19 15:58:00+00:00,115.32,,,,,,,,,115.32
2024-11-19 15:59:00+00:00,115.62,,,,,,,,,115.62
2024-11-19 16:00:00+00:00,115.713,,,,,,,,,115.713
2024-11-19 16:01:00+00:00,116.012,,,,,,,,,116.012
2024-11-19 16:02:00+00:00,116.371,,,,,,,,,116.371
2024-11-19 16:03:00+00:00,116.67,,,,,,,,,116.67
2024-11-19 16:04:00+00:00,117.029,,,,,,,,,117.029
2024-11-19 16:05:00+00:00,117.268,,,,,,,,,117.268
2024-11-19 16:06:00+00:00,117.627,,,,,,,,,117.627
2024-11-19 16:07:00+00:00,117.866,,,,,,,,,117.866
2024-11-19 16:08:00+00:00,113.58,,,,,,,,,113.58
2024-11-19 16:09:00+00:00,114.72,,,,,,,,,114.72
2024-11-19 16:10:00+00:00,53.579,,,,,,,,,53.579
2024-11-19 16:11:00+00:00,53.59,,,,,,,,,53.59
2024-11-19 16:12:00+00:00,53.59,,,,,,,,,53.59
2024-11-19 16:13:00+00:00,53.636,,,,,,,,,53.636
2024-11-19 16:14:00+00:00,53.728,,,,,,,,,53.728
2024-11-19 16:15:00+00:00,53.774,,,,,,,,,53.774
2024-11-19 16:25:00+00:00,0.0,,,,,,,,,0.0
2024-11-19 16:27:00+00:00,0.0,,,,,,,,,0.0
2024-11-19 16:28:00+00:00,98.418,,,,,,,,,98.418
2024-11-19 16:29:00+00:00,49.2985,,,,,,,,,49.2985
2024-11-19 16:30:00+00:00,49.6995,,,,,,,,,49.6995
2024-11-19 16:31:00+00:00,49.584,,,,,,,,,49.584
2024-11-19 16:32:00+00:00,27.73866666666667,,,,,,,,,27.73866666666667
2024-11-19 16:33:00+00:00,33.23433333333333,,,,,,,,,33.23433333333333
2024-11-19 16:34:00+00:00,33.028333333333336,,,,,,,,,33.028333333333336
2024-11-19 16:35:00+00:00,41.319500000000005,,,,,,,,,41.319500000000005
2024-11-19 16:36:00+00:00,49.7145,,,,,,,,,49.7145
2024-11-19 16:37:00+00:00,49.808,,,,,,,,,49.808
2024-11-19 16:38:00+00:00,49.932,,,,,,,,,49.932
2024-11-19 16:39:00+00:00,49.497,,,,,,,,,49.497
2024-11-19 16:40:00+00:00,49.962500000000006,,,,,,,,,49.962500000000006
2024-11-19 16:41:00+00:00,49.698,,,,,,,,,49.698
2024-11-19 16:42:00+00:00,49.831,,,,,,,,,49.831
2024-11-19 16:43:00+00:00,49.899,,,,,,,,,49.899
2024-11-19 16:44:00+00:00,50.116,,,,,,,,,50.116
2024-11-19 16:45:00+00:00,49.11,,,,,,,,,49.11
2024-11-19 16:46:00+00:00,49.245,,,,,,,,,49.245
2024-11-19 16:47:00+00:00,49.442,,,,,,,,,49.442
2024-11-19 16:51:00+00:00,0.0,,,,,,,,,0.0
2024-11-19 16:52:00+00:00,98.647,,,,,,,,,98.647
2024-11-19 16:53:00+00:00,16.21,,,,,,,,,16.21
2024-11-19 16:54:00+00:00,16.547,,,,,,,,,16.547
2024-11-19 16:55:00+00:00,24.531666666666666,,,,,,,,,24.531666666666666
2024-11-19 16:56:00+00:00,24.60833333333333,,,,,,,,,24.60833333333333
2024-11-19 16:57:00+00:00,24.60833333333333,,,,,,,,,24.60833333333333
2024-11-19 16:58:00+00:00,24.641000000000002,,,,,,,,,24.641000000000002
2024-11-19 16:59:00+00:00,24.663,,,,,,,,,24.663
2024-11-19 17:00:00+00:00,24.68433333333333,,,,,,,,,24.68433333333333
2024-11-19 17:01:00+00:00,24.706333333333333,,,,,,,,,24.706333333333333
2024-11-19 17:02:00+00:00,24.75,,,,,,,,,24.75
2024-11-19 17:03:00+00:00,24.76066666666667,,,,,,,,,24.76066666666667
2024-11-19 17:04:00+00:00,24.793666666666667,,,,,,,,,24.793666666666667
2024-11-19 17:05:00+00:00,24.793666666666667,,,,,,,,,24.793666666666667
2024-11-19 17:06:00+00:00,24.72366666666667,25.092541,,,,,,,,49.81620766666667
2024-11-19 17:07:00+00:00,24.723333333333333,25.4499434,,,,,,,,50.17327673333333
2024-11-19 17:08:00+00:00,24.745333333333335,25.627671900000003,,,,,,,,50.37300523333334
2024-11-19 17:09:00+00:00,19.741666666666667,25.4745625,,,,,,,,45.216229166666665
2024-11-19 17:10:00+00:00,29.65,,,,,,,,,29.65
2024-11-19 17:18:00+00:00,0.342,,,,,,,,,0.342
2024-11-19 17:19:00+00:00,78.44,,,,,,,,,78.44
2024-11-19 17:28:00+00:00,41.58,,,,,,,,,41.58
2024-11-19 19:59:00+00:00,0.0,,,,,,,,,0.0
2024-11-19 20:00:00+00:00,26.024,,,,,,,,,26.024
2024-11-19 20:01:00+00:00,49.392,,,,,,,,,49.392
2024-11-19 20:07:00+00:00,0.384,,,,,,,,,0.384
2024-11-19 20:08:00+00:00,50.568,,,,,,,,,50.568
2024-11-19 20:09:00+00:00,46.334,,,,,,,,,46.334
2024-11-19 20:13:00+00:00,0.0,,,,,,,,,0.0
2024-11-19 20:14:00+00:00,25.285,,,,,,,,,25.285
2024-11-19 20:15:00+00:00,25.382,,,,,,,,,25.382
2024-11-19 20:16:00+00:00,25.806,,,,,,,,,25.806
2024-11-19 20:19:00+00:00,0.0,,,,,,,,,0.0
2024-11-19 20:20:00+00:00,25.447,,,,,,,,,25.447
2024-11-19 20:21:00+00:00,25.12,,,,,,,,,25.12
2024-11-19 20:22:00+00:00,25.545,,,,,,,,,25.545
2024-11-19 20:23:00+00:00,25.216,,,,,,,,,25.216
2024-11-19 20:24:00+00:00,25.28,,,,,,,,,25.28
2024-11-20 13:15:00+00:00,,,,0.0,,,,,,0.0
2024-11-20 13:16:00+00:00,,,,11.5,,,,,,11.5
2024-11-20 13:17:00+00:00,,,,11.5,,,,,,11.5
2024-11-20 13:18:00+00:00,,,,11.5,,,,,,11.5
2024-11-20 13:19:00+00:00,,,,11.5,,,,,,11.5
2024-11-20 13:20:00+00:00,,,,11.5,,,,,,11.5
2024-11-20 13:21:00+00:00,,,,11.5,,,,,,11.5
2024-11-20 13:22:00+00:00,,,,11.5,,,,,,11.5
2024-11-20 13:23:00+00:00,,,,11.5,,,,,,11.5
2024-11-20 13:24:00+00:00,,,,11.5,,,,,,11.5
2024-11-20 13:25:00+00:00,,,,11.4,,,,,,11.4
2024-11-20 13:26:00+00:00,,,,11.5,,,,,,11.5
2024-11-20 13:27:00+00:00,,,,11.5,,,,,,11.5
2024-11-20 13:28:00+00:00,,,,11.4,,,,,,11.4
2024-11-20 13:29:00+00:00,,,,11.5,,,,,,11.5
2024-11-20 13:30:00+00:00,,,,11.5,,,,,,11.5
2024-11-20 13:31:00+00:00,,,,11.5,,,,,,11.5
2024-11-20 13:32:00+00:00,,,,11.5,,,,,,11.5
2024-11-20 13:33:00+00:00,,,,11.5,,,,,,11.5
2024-11-20 13:34:00+00:00,,,,11.5,,,,,,11.5
2024-11-20 13:35:00+00:00,,,,11.5,,,,,,11.5
2024-11-20 13:36:00+00:00,,,,11.5,,,,,,11.5
2024-11-20 13:37:00+00:00,,,,11.5,,,,,,11.5
2024-11-20 13:38:00+00:00,,,,11.5,,,,,,11.5
2024-11-20 13:39:00+00:00,,,,11.5,,,,,,11.5
2024-11-20 13:40:00+00:00,,,,11.5,,,,,,11.5
2024-11-20 13:41:00+00:00,,,,11.5,,,,,,11.5
2024-11-20 13:42:00+00:00,,,,11.5,,,,,,11.5
2024-11-20 13:43:00+00:00,,,,11.5,,,,,,11.5
2024-11-20 13:44:00+00:00,,,,11.5,,,,,,11.5
2024-11-20 13:45:00+00:00,,,,11.5,,,,,,11.5
2024-11-20 13:46:00+00:00,,,,11.5,,,,,,11.5
2024-11-20 13:47:00+00:00,,,,11.5,,,,,,11.5
2024-11-20 13:48:00+00:00,,,,11.5,,,,,,11.5
2024-11-20 13:49:00+00:00,,,,11.5,,,,,,11.5
2024-11-20 13:50:00+00:00,,,,11.5,,,,,,11.5
2024-11-20 13:51:00+00:00,,,,11.5,,,,,,11.5
2024-11-20 13:52:00+00:00,,,,11.5,,,,,,11.5
2024-11-20 13:53:00+00:00,,,,11.5,,,,,,11.5
2024-11-20 13:54:00+00:00,,,,11.5,,,,,,11.5
2024-11-20 13:55:00+00:00,,,,1.9,,,,,,1.9
2024-11-20 13:56:00+00:00,,,,1.9,,,,,,1.9
2024-11-20 13:57:00+00:00,,,,1.9,,,,,,1.9
2024-11-20 13:58:00+00:00,,,,1.9,,,,,,1.9
2024-11-20 13:59:00+00:00,,,,1.9,,,,,,1.9
2024-11-20 14:00:00+00:00,,,,11.5,,,,,,11.5
2024-11-20 14:01:00+00:00,,,,11.5,,,,,,11.5
2024-11-20 14:36:00+00:00,,,,0.0,,,,,,0.0
2024-11-20 14:37:00+00:00,,,,11.1,,,,,,11.1
2024-11-20 14:38:00+00:00,,,,11.1,,,,,,11.1
2024-11-20 14:39:00+00:00,,,,11.1,,,,,,11.1
2024-11-20 14:40:00+00:00,,,,11.1,,,,,,11.1
2024-11-20 14:41:00+00:00,,,,11.1,,,,,,11.1
2024-11-20 14:42:00+00:00,,,,11.1,,,,,,11.1
2024-11-20 14:43:00+00:00,,,,11.1,,,,,,11.1
2024-11-20 14:44:00+00:00,,,,11.1,,,,,,11.1
2024-11-20 14:45:00+00:00,,,,11.1,,,,,,11.1
2024-11-20 14:46:00+00:00,,,,11.1,,,,,,11.1
2024-11-20 14:47:00+00:00,,,,11.1,,,,,,11.1
2024-11-20 14:48:00+00:00,,,,11.1,,,,,,11.1
2024-11-20 14:49:00+00:00,,,,0.0,,,,,,0.0
2024-11-20 15:06:00+00:00,,,,0.0,,,,,,0.0
2024-11-20 15:07:00+00:00,,,,11.2,,,,,,11.2
2024-11-20 15:08:00+00:00,,,,11.2,,,,,,11.2
2024-11-20 15:09:00+00:00,,,,11.2,,,,,,11.2
2024-11-20 15:10:00+00:00,,,,11.2,,,,,,11.2
2024-11-20 15:11:00+00:00,,,,11.2,,,,,,11.2
2024-11-20 15:12:00+00:00,,,,11.3,,,,,,11.3
2024-11-20 15:13:00+00:00,,,,11.3,,,,,,11.3
2024-11-20 15:14:00+00:00,,,,11.2,,,,,,11.2
2024-11-20 15:15:00+00:00,,,,11.2,,,,,,11.2
2024-11-20 15:16:00+00:00,,,,11.2,,,,,,11.2
2024-11-20 15:17:00+00:00,,,,11.2,,,,,,11.2
2024-11-20 15:18:00+00:00,,,,11.2,,,,,,11.2
2024-11-20 15:19:00+00:00,,,,11.2,,,,,,11.2
2024-11-20 15:20:00+00:00,,,,0.0,,,,,,0.0
2024-11-20 15:21:00+00:00,,,,0.0,,,,,,0.0
2024-11-20 15:22:00+00:00,,,,0.0,,,,,,0.0
2024-11-20 15:23:00+00:00,,,,0.0,,,,,,0.0
2024-11-20 15:24:00+00:00,,,,0.0,,,,,,0.0
2024-11-20 15:25:00+00:00,,,,0.0,,,,,,0.0
2024-11-20 15:26:00+00:00,,,,0.0,,,,,,0.0
2024-11-20 15:32:00+00:00,,,,5.6,,,,,,5.6
2024-11-20 15:34:00+00:00,,,,1.4,,,,,,1.4
2024-11-20 15:35:00+00:00,,,,0.0,,,,,,0.0
2024-11-20 15:36:00+00:00,,,,0.0,,,,,,0.0
2024-11-20 15:37:00+00:00,,,,0.0,,,,,,0.0
2024-11-20 15:38:00+00:00,,,,0.0,,,,,,0.0
2024-11-20 15:39:00+00:00,,,,0.0,,,,,,0.0
2024-11-20 15:40:00+00:00,,,,0.0,,,,,,0.0
2024-11-20 15:41:00+00:00,,,,0.0,,,,,,0.0
2024-11-20 15:43:00+00:00,,,,0.0,,,,,,0.0
2024-11-20 15:44:00+00:00,,,,0.0,,,,,,0.0
2024-11-20 15:45:00+00:00,,,,0.0,,,,,,0.0
2024-11-20 15:46:00+00:00,,,,0.0,,,,,,0.0
2024-11-20 15:47:00+00:00,,,,0.0,,,,,,0.0
2024-11-20 15:48:00+00:00,,,,0.0,,,,,,0.0
2024-11-20 15:49:00+00:00,,,,0.0,,,,,,0.0
2024-11-20 15:50:00+00:00,,,,0.0,,,,,,0.0
2024-11-20 15:51:00+00:00,,,,0.0,,,,,,0.0
2024-11-20 15:52:00+00:00,,,,11.2,,,,,,11.2
2024-11-20 15:53:00+00:00,,,,11.2,,,,,,11.2
2024-11-20 15:54:00+00:00,,,,11.2,,,,,,11.2
2024-11-20 15:55:00+00:00,,,,11.2,,,,,,11.2
2024-11-20 15:56:00+00:00,,,,0.0,,,,,,0.0
2024-11-20 15:57:00+00:00,,,,0.0,,,,,,0.0
2024-11-20 15:58:00+00:00,,,,0.0,,,,,,0.0
2024-11-20 15:59:00+00:00,,,,0.0,,,,,,0.0
2024-11-20 16:00:00+00:00,,,,4.0,,,,,,4.0
2024-11-20 16:01:00+00:00,,,,4.0,,,,,,4.0
2024-11-20 16:03:00+00:00,,,,0.0,,,,,,0.0
2024-11-20 16:04:00+00:00,,,,4.0,,,,,,4.0
2024-11-20 16:05:00+00:00,,,,4.0,,,,,,4.0
2024-11-20 16:07:00+00:00,,,,0.0,,,,,,0.0
2024-11-20 16:08:00+00:00,,,,2.9,,,,,,2.9
2024-11-20 16:09:00+00:00,,,,2.9,,,,,,2.9
2024-11-20 16:10:00+00:00,,,,0.0,,,,,,0.0
2024-11-20 16:11:00+00:00,,,,0.0,,,,,,0.0
2024-11-20 16:13:00+00:00,,,,0.0,,,,,,0.0
2024-11-20 16:14:00+00:00,,,,2.9,,,,,,2.9
2024-11-20 16:15:00+00:00,,,,2.9,,,,,,2.9
2024-11-20 16:16:00+00:00,,,,2.9,,,,,,2.9
2024-11-20 16:17:00+00:00,,,,2.9,,,,,,2.9
2024-11-20 16:18:00+00:00,,,,2.9,,,,,,2.9
2024-11-20 16:19:00+00:00,,,,2.9,,,,,,2.9
2024-11-20 16:20:00+00:00,,,,2.9,,,,,,2.9
2024-11-20 16:21:00+00:00,,,,2.9,,,,,,2.9
2024-11-20 16:22:00+00:00,,,,2.9,,,,,,2.9
2024-11-20 16:23:00+00:00,,,,11.2,,,,,,11.2
2024-11-20 16:24:00+00:00,,,,11.2,,,,,,11.2
2024-11-20 16:25:00+00:00,,,,,,5.55,,,,5.55
2024-11-20 16:26:00+00:00,,,,,,11.1,,,,11.1
2024-11-20 16:27:00+00:00,,,,,,11.1,,,,11.1
2024-11-20 16:28:00+00:00,,,,,,11.1,,,,11.1
2024-11-20 16:29:00+00:00,,,,,,11.1,,,,11.1
2024-11-20 16:30:00+00:00,,,,,,11.1,,,,11.1
2024-11-20 16:31:00+00:00,,,,,,5.55,,,,5.55
2024-11-20 16:32:00+00:00,,,,,,0.0,,,,0.0
2024-11-20 16:33:00+00:00,,,,,,0.0,,,,0.0
2024-11-20 16:34:00+00:00,,,,,,0.0,,,,0.0
2024-11-20 16:35:00+00:00,,,,,,0.0,,,,0.0
2024-11-20 16:36:00+00:00,,,,,,0.0,,,,0.0
2024-11-20 16:44:00+00:00,,,,,,1.45,,,,1.45
2024-11-20 16:45:00+00:00,,,,,,2.9,,,,2.9
2024-11-20 16:46:00+00:00,,,,,,2.9,,,,2.9
2024-11-20 16:47:00+00:00,,,,,,2.9,,,,2.9
2024-11-20 16:48:00+00:00,,,,,,2.9,,,,2.9
2024-11-20 16:49:00+00:00,,,,,,2.9,,,,2.9
2024-11-20 16:50:00+00:00,,,,,,2.9,,,,2.9
2024-11-20 16:51:00+00:00,,,,,,5.8,,,,5.8
2024-11-20 16:52:00+00:00,,,,,,8.7,,,,8.7
2024-11-20 16:53:00+00:00,,,,,,8.7,,,,8.7
2024-11-20 16:54:00+00:00,,,,,,8.7,,,,8.7
2024-11-20 16:55:00+00:00,,,,,,4.35,,,,4.35
2024-11-20 16:56:00+00:00,,,,,,0.0,,,,0.0
2024-11-20 16:58:00+00:00,,,,,,0.8,,,,0.8
2024-11-20 16:59:00+00:00,,,,,,11.1,,,,11.1
2024-11-20 17:00:00+00:00,,,,,,11.1,,,,11.1
2024-11-20 17:01:00+00:00,,,,,,11.1,,,,11.1
2024-11-20 17:02:00+00:00,,,,,,11.1,,,,11.1
2024-11-20 17:03:00+00:00,,,,,,0.0,,,,0.0
2024-11-20 17:04:00+00:00,,,,,,0.0,,,,0.0
2024-11-20 17:05:00+00:00,,,,,,0.0,,,,0.0
2024-11-20 17:06:00+00:00,,,,,,0.0,,,,0.0
2024-11-20 17:07:00+00:00,,,,,,0.0,,,,0.0
2024-11-20 17:08:00+00:00,,,,,,11.1,,,,11.1
2024-11-20 17:09:00+00:00,,,,,,0.0,,,,0.0
2024-11-20 17:10:00+00:00,,,,,,0.0,,,,0.0
2024-11-20 17:11:00+00:00,,,,,,0.0,,,,0.0
2024-11-20 17:12:00+00:00,,,,,,0.0,,,,0.0
2024-11-20 17:13:00+00:00,,,,,,0.0,,,,0.0
2024-11-20 17:14:00+00:00,,,,,,0.0,,,,0.0
2024-11-20 17:18:00+00:00,0.0,,,,,,,,,0.0
2024-11-20 17:19:00+00:00,38.775,,,,,,,,,38.775
2024-11-20 17:20:00+00:00,38.423,,,,,,,,,38.423
2024-11-20 17:21:00+00:00,38.477,,,,,,,,,38.477
2024-11-20 17:22:00+00:00,38.478,,,,,,,,,38.478
2024-11-20 17:23:00+00:00,38.586,,,,,,,,,38.586
2024-11-20 17:24:00+00:00,38.641,,,,,,,,,38.641
2024-11-20 17:25:00+00:00,38.641,,,,,,,,,38.641
2024-11-20 17:26:00+00:00,71.65,,,,,,,,,71.65
2024-11-20 17:27:00+00:00,71.95,,,,,,,,,71.95
2024-11-20 17:28:00+00:00,72.15,,,,,,,,,72.15
2024-11-20 17:29:00+00:00,72.4,,,,,,,,,72.4
2024-11-20 17:30:00+00:00,72.6,,,,,,,,,72.6
2024-11-20 17:31:00+00:00,72.8,,,,,,,,,72.8
2024-11-20 17:32:00+00:00,73.0,,,,,,,,,73.0
2024-11-20 17:33:00+00:00,73.2,,,,,,,,,73.2
2024-11-20 17:34:00+00:00,73.35,,,,,,,,,73.35
2024-11-20 17:35:00+00:00,73.6,,,,,,,,,73.6
2024-11-20 17:36:00+00:00,73.75,,,,,,,,,73.75
2024-11-20 17:37:00+00:00,73.95,,,,,,,,,73.95
2024-11-20 17:38:00+00:00,74.15,,,,,,,,,74.15
2024-11-20 17:39:00+00:00,74.4,,,,,,,,,74.4
2024-11-20 17:40:00+00:00,74.6,,,,,,,,,74.6
2024-11-20 17:41:00+00:00,74.475,,,,,,,,,74.475
2024-11-20 17:42:00+00:00,74.674,,,,,,,,,74.674
2024-11-20 17:43:00+00:00,74.449,,,,,,,,,74.449
2024-11-20 17:44:00+00:00,74.27,,,,,,,,,74.27
2024-11-20 17:45:00+00:00,74.516,,,,,,,,,74.516
2024-11-20 17:46:00+00:00,74.333,,,,,,,,,74.333
2024-11-20 17:47:00+00:00,74.48,,,,,,,,,74.48
2024-11-20 17:48:00+00:00,74.343,,,,,,,,,74.343
2024-11-20 17:49:00+00:00,74.343,,,,,,,,,74.343
2024-11-20 17:50:00+00:00,74.636,,,,,,,,,74.636
2024-11-20 17:51:00+00:00,74.4,,,,,,,,,74.4
2024-11-20 17:52:00+00:00,74.161,,,,,,,,,74.161
2024-11-20 17:53:00+00:00,74.354,,,,,,,,,74.354
2024-11-20 17:54:00+00:00,74.402,,,,,,,,,74.402
2024-11-20 17:55:00+00:00,74.16,,,,,,,,,74.16
2024-11-20 17:56:00+00:00,74.352,,,,,,,,,74.352
2024-11-20 17:57:00+00:00,74.155,,,,,,,,,74.155
2024-11-20 17:58:00+00:00,74.346,,,,,,,,,74.346
2024-11-20 17:59:00+00:00,74.148,,,,,,,,,74.148
2024-11-20 18:00:00+00:00,74.338,,,,,,,,,74.338
2024-11-20 18:01:00+00:00,74.528,,,,,,,,,74.528
2024-11-20 18:02:00+00:00,74.325,,,,,,,,,74.325
2024-11-20 18:03:00+00:00,74.119,,,,,,,,,74.119
2024-11-20 18:04:00+00:00,73.958,,,,,,,,,73.958
2024-11-20 18:05:00+00:00,66.433,,,,,,,,,66.433
2024-11-20 18:06:00+00:00,60.435,,,,,,,,,60.435
2024-11-20 18:07:00+00:00,54.116,,,,,,,,,54.116
2024-11-20 18:08:00+00:00,48.191,,,,,,,,,48.191
2024-11-20 18:09:00+00:00,41.8,,,,,,,,,41.8
2024-11-20 18:10:00+00:00,42.319,,,,,,,,,42.319
2024-11-20 18:11:00+00:00,35.55,,,,,,,,,35.55
2024-11-20 18:12:00+00:00,35.595,,,,,,,,,35.595
2024-11-20 18:13:00+00:00,29.193,,,,,,,,,29.193
2024-11-20 18:14:00+00:00,29.588,,,,,,,,,29.588
2024-11-20 18:15:00+00:00,29.588,,,,,,,,,29.588
2024-11-20 18:16:00+00:00,29.588,,,,,,,,,29.588
2024-11-20 18:17:00+00:00,23.276,,,,,,,,,23.276
2024-11-20 18:18:00+00:00,23.246,,,,,,,,,23.246
2024-11-20 18:19:00+00:00,23.276,,,,,,,,,23.276
2024-11-20 18:20:00+00:00,23.276,,,,,,,,,23.276
2024-11-20 18:21:00+00:00,23.276,,,,,,,,,23.276
2024-11-20 18:39:00+00:00,,,,0.0,,,,,,0.0
2024-11-20 18:40:00+00:00,,,,11.3,,,,,,11.3
2024-11-20 18:41:00+00:00,,,,11.3,,,,,,11.3
2024-11-20 18:42:00+00:00,,,,2.9,,,,,,2.9
2024-11-20 18:43:00+00:00,,,,2.9,,,,,,2.9
2024-11-20 18:44:00+00:00,,,,11.3,,,,,,11.3
2024-11-20 18:45:00+00:00,,,,11.3,,,,,,11.3
2024-11-20 18:46:00+00:00,,,,,,0.0,,,,0.0
2024-11-20 18:47:00+00:00,,,,,,11.149999999999999,,,,11.149999999999999
2024-11-20 18:48:00+00:00,,,,,,8.399999999999999,,,,8.399999999999999
2024-11-20 18:49:00+00:00,,,,,,2.9,,,,2.9
2024-11-20 18:50:00+00:00,,,,,,2.9,,,,2.9
2024-11-20 18:51:00+00:00,,,,,,11.1,,,,11.1
2024-11-20 18:52:00+00:00,,,,,,0.0,,,,0.0
2024-11-20 18:53:00+00:00,,,,,,,,,0.0,0.0
2024-11-20 18:54:00+00:00,,,,,,,,,16.4,16.4
2024-11-20 18:55:00+00:00,,,,,,,,,16.4,16.4
2024-11-20 18:56:00+00:00,,,,,,,,,16.4,16.4
2024-11-20 18:57:00+00:00,,,,,,,,,16.4,16.4
2024-11-20 18:58:00+00:00,,,,,,,,,16.55,16.55
2024-11-20 18:59:00+00:00,,,,,,,,,0.0,0.0
2024-11-20 19:00:00+00:00,,,,,,,,,1.7,1.7
2024-11-20 19:01:00+00:00,,,,,,,,,2.8499999999999996,2.8499999999999996
2024-11-20 19:02:00+00:00,,,,,,,,,2.9,2.9
2024-11-20 19:03:00+00:00,,,,,,,,,2.9,2.9
2024-11-20 19:04:00+00:00,,,,,,,,,9.7,9.7
2024-11-20 19:05:00+00:00,,,,,,,,,16.45,16.45
2024-11-20 19:06:00+00:00,,,,,,,,,16.5,16.5
2024-11-20 19:07:00+00:00,,,,,,,,,16.5,16.5
2024-11-20 19:08:00+00:00,,,,,,,,,8.2,8.2
2024-11-20 19:09:00+00:00,,,,,,,,,0.0,0.0
2024-11-20 19:16:00+00:00,22.794,,,,,,,,,22.794
2024-11-20 19:17:00+00:00,23.246,,,,,,,,,23.246
2024-11-20 19:18:00+00:00,0.0,,,,,,,,,0.0
2024-11-20 19:19:00+00:00,98.76,16.9500801,,,,,,,,115.7100801
2024-11-20 19:20:00+00:00,102.732,49.8180117,,,,,,,,152.5500117
2024-11-20 19:26:00+00:00,0.0,,,,,,,,,0.0
2024-11-20 19:27:00+00:00,35.89,,,,,,,,,35.89
2024-11-20 19:28:00+00:00,75.331,48.576121099999995,,,,,,,,123.9071211
2024-11-20 19:29:00+00:00,76.9105,48.2215977,,,,,,,,125.1320977
2024-11-20 19:30:00+00:00,51.55500000000001,48.097082,,,,,,,,99.65208200000001
2024-11-20 19:31:00+00:00,60.93575,46.1731602,,,,,,,,107.1089102
2024-11-20 19:32:00+00:00,59.73375,44.0450977,,,,,,,,103.7788477
2024-11-20 19:33:00+00:00,44.181250000000006,44.5254336,,,,,,,,88.7066836
2024-11-20 19:34:00+00:00,62.89133333333333,43.4152617,,,,,,,,106.30659503333334
2024-11-20 19:35:00+00:00,45.437666666666665,39.06,,,,,,,,84.49766666666667
2024-11-20 19:36:00+00:00,45.924,40.5163203,,,,,,,,86.4403203
2024-11-20 19:37:00+00:00,45.781,39.7109922,,,,,,,,85.4919922
2024-11-20 19:38:00+00:00,44.519666666666666,32.7186016,,,,,,,,77.23826826666667
2024-11-20 19:39:00+00:00,43.22166666666667,32.769699200000005,,,,,,,,75.99136586666668
2024-11-20 19:40:00+00:00,45.461666666666666,31.053539100000002,,,,,,,,76.51520576666667
2024-11-20 19:41:00+00:00,44.58566666666667,29.623162100000002,,,,,,,,74.20882876666667
2024-11-20 19:42:00+00:00,43.683,13.5804609,,,,,,,,57.2634609
2024-11-20 19:43:00+00:00,38.091,14.58275,,,,,,,,52.67375
2024-11-20 19:44:00+00:00,36.15333333333333,14.6178408,,,,,,,,50.77117413333333
2024-11-20 19:45:00+00:00,34.22533333333333,14.6724912,,,,,,,,48.897824533333335
2024-11-20 19:46:00+00:00,32.038333333333334,14.6790303,,,,,,,,46.717363633333335
2024-11-20 19:47:00+00:00,37.1145,14.6888408,,,,,,,,51.8033408
2024-11-20 19:48:00+00:00,35.6175,14.650440399999999,,,,,,,,50.2679404
2024-11-20 19:49:00+00:00,35.326,14.7117305,,,,,,,,50.0377305
2024-11-20 19:50:00+00:00,33.673,14.721540999999998,,,,,,,,48.394541000000004
2024-11-20 19:51:00+00:00,33.522999999999996,14.683041,,,,,,,,48.206041
2024-11-20 19:52:00+00:00,31.7055,6.0286602,,,,,,,,37.7341602
2024-11-20 19:53:00+00:00,31.081,7.4200503,,,,,,,,38.5010503
2024-11-20 19:54:00+00:00,29.5535,7.330110800000001,,,,,,,,36.8836108
2024-11-20 19:55:00+00:00,28.576999999999998,7.3750801,,,,,,,,35.952080099999996
2024-11-20 19:56:00+00:00,28.2835,7.3783599,,,,,,,,35.6618599
2024-11-20 19:57:00+00:00,27.639,7.2932407,,,,,,,,34.9322407
2024-11-20 19:58:00+00:00,26.154,7.3832798,,,,,,,,33.5372798
2024-11-20 19:59:00+00:00,25.311,7.3865596,,,,,,,,32.6975596
2024-11-20 20:00:00+00:00,24.9985,,,,,,,,,24.9985
2024-11-20 20:01:00+00:00,18.163,,,,,,,,,18.163
2024-11-20 20:02:00+00:00,18.212,7.526690400000001,,,,,,,,25.7386904
2024-11-20 20:03:00+00:00,17.548,7.439850099999999,,,,,,,,24.987850099999996
2024-11-20 20:04:00+00:00,16.884,7.439850099999999,,,,,,,,24.3238501
2024-11-20 20:05:00+00:00,16.353,7.3996802,,,,,,,,23.7526802
2024-11-20 20:06:00+00:00,16.21,4.146439900000001,,,,,,,,20.3564399
2024-11-20 20:07:00+00:00,19.551,4.1013701000000005,,,,,,,,23.6523701
2024-11-20 20:08:00+00:00,19.6,4.1915103,,,,,,,,23.791510300000002
2024-11-20 20:09:00+00:00,20.0,4.146439900000001,,,,,,,,24.1464399
2024-11-20 20:10:00+00:00,20.05,4.1031899,,,,,,,,24.1531899
2024-11-20 20:11:00+00:00,20.451,4.1031899,,,,,,,,24.5541899
2024-11-20 20:12:00+00:00,20.502,4.1031899,,,,,,,,24.6051899
2024-11-20 20:13:00+00:00,20.852,4.0580999,,,,,,,,24.9100999
2024-11-20 20:14:00+00:00,21.359,4.1482798,,,,,,,,25.507279800000003
2024-11-20 20:15:00+00:00,20.956,4.1059204,,,,,,,,25.061920399999998
2024-11-20 20:16:00+00:00,21.359,4.1077402,,,,,,,,25.466740200000004
2024-11-20 20:17:00+00:00,21.412,4.1059204,,,,,,,,25.517920399999998
2024-11-20 20:18:00+00:00,21.359,4.1528799,,,,,,,,25.511879900000004
2024-11-20 20:19:00+00:00,21.06,4.1077402,,,,,,,,25.167740199999997
2024-11-20 20:20:00+00:00,21.008,4.1077402,,,,,,,,25.115740199999998
2024-11-20 20:21:00+00:00,21.465,4.065300000000001,,,,,,,,25.5303
2024-11-20 20:22:00+00:00,21.518,4.1104702,,,,,,,,25.628470200000002
2024-11-20 20:23:00+00:00,21.518,4.1104702,,,,,,,,25.628470200000002
2024-11-20 20:24:00+00:00,21.164,4.155640099999999,,,,,,,,25.3196401
2024-11-20 20:25:00+00:00,21.164,4.0670999000000005,,,,,,,,25.231099900000004
2024-11-20 20:26:00+00:00,15.795,4.11229,,,,,,,,19.90729
2024-11-20 20:27:00+00:00,15.022,4.15748,,,,,,,,19.179479999999998
2024-11-20 20:28:00+00:00,15.428,4.11229,,,,,,,,19.54029
2024-11-20 20:29:00+00:00,7.714,4.1602402000000005,,,,,,,,11.874240200000001
2024-11-20 20:30:00+00:00,35.4375,4.1150205,,,,,,,,39.5525205
2024-11-20 20:31:00+00:00,14.58,4.1620801,,,,,,,,18.7420801
2024-11-20 20:32:00+00:00,14.58,4.0715999,,,,,,,,18.6515999
2024-11-20 20:33:00+00:00,14.175,4.1168403,,,,,,,,18.2918403
2024-11-20 20:34:00+00:00,14.21,4.1168403,,,,,,,,18.3268403
2024-11-20 20:35:00+00:00,14.652,4.0715999,,,,,,,,18.7235999
2024-11-20 20:36:00+00:00,14.245,0.63266,,,,,,,,14.877659999999999
2024-11-20 20:37:00+00:00,14.616,0.54228,,,,,,,,15.15828
2024-11-20 20:38:00+00:00,14.652,,,,,,,,,14.652
2024-11-20 20:39:00+00:00,14.652,,,,,,,,,14.652
2024-11-20 20:40:00+00:00,14.688,,,,,,,,,14.688
2024-11-20 20:41:00+00:00,14.652,,,,,,,,,14.652
2024-11-21 12:00:00+00:00,0.0,,,,,,,,,0.0
2024-11-21 12:01:00+00:00,22.008,,,,,,,,,22.008
2024-11-21 12:02:00+00:00,21.615,,,,,,,,,21.615
2024-11-21 12:03:00+00:00,22.852,,,,,,,,,22.852
2024-11-21 12:04:00+00:00,23.305,,,,,,,,,23.305
2024-11-21 12:05:00+00:00,24.126,,,,,,,,,24.126
2024-11-21 12:06:00+00:00,24.98,,,,,,,,,24.98
2024-11-21 12:07:00+00:00,24.614,,,,,,,,,24.614
2024-11-21 12:08:00+00:00,24.707,,,,,,,,,24.707
2024-11-21 12:09:00+00:00,24.707,,,,,,,,,24.707
2024-11-21 12:10:00+00:00,24.738,,,,,,,,,24.738
2024-11-21 12:11:00+00:00,25.2,,,,,,,,,25.2
2024-11-21 12:12:00+00:00,24.831,,,,,,,,,24.831
2024-11-21 12:13:00+00:00,19.2,,,,,,,,,19.2
2024-11-21 12:14:00+00:00,19.6,,,,,,,,,19.6
2024-11-21 12:15:00+00:00,19.649,,,,,,,,,19.649
2024-11-21 12:16:00+00:00,19.2,,,,,,,,,19.2
2024-11-21 12:17:00+00:00,19.296,,,,,,,,,19.296
2024-11-21 12:18:00+00:00,18.894,,,,,,,,,18.894
2024-11-21 12:19:00+00:00,18.847,,,,,,,,,18.847
2024-11-21 12:20:00+00:00,18.894,,,,,,,,,18.894
2024-11-21 12:21:00+00:00,18.492,,,,,,,,,18.492
2024-11-21 12:22:00+00:00,18.538,,,,,,,,,18.538
2024-11-21 12:23:00+00:00,18.988,,,,,,,,,18.988
2024-11-21 12:24:00+00:00,18.988,,,,,,,,,18.988
2024-11-21 12:25:00+00:00,18.538,,,,,,,,,18.538
2024-11-21 12:26:00+00:00,18.63,,,,,,,,,18.63
2024-11-21 12:27:00+00:00,18.584,,,,,,,,,18.584
2024-11-21 12:28:00+00:00,18.225,,,,,,,,,18.225
2024-11-21 12:29:00+00:00,18.225,,,,,,,,,18.225
2024-11-21 12:30:00+00:00,17.82,,,,,,,,,17.82
2024-11-21 12:31:00+00:00,17.458,,,,,,,,,17.458
2024-11-21 12:32:00+00:00,17.415,,,,,,,,,17.415
2024-11-21 12:33:00+00:00,17.458,,,,,,,,,17.458
2024-11-21 12:34:00+00:00,17.052,,,,,,,,,17.052
2024-11-21 12:35:00+00:00,17.052,,,,,,,,,17.052
2024-11-21 12:36:00+00:00,16.687,,,,,,,18.95,,35.637
2024-11-21 12:37:00+00:00,16.646,,,,,,,18.9,,35.546
2024-11-21 12:38:00+00:00,16.646,,,,,,,18.9,,35.546
2024-11-21 12:39:00+00:00,16.646,,,,,,,18.9,,35.546
2024-11-21 12:40:00+00:00,17.052,,,,,,,18.95,,36.001999999999995
2024-11-21 12:41:00+00:00,,,,,,,,18.9,,18.9
2024-11-21 12:42:00+00:00,,,,,,,,18.95,,18.95
2024-11-21 12:43:00+00:00,,,,,,,,18.9,,18.9
2024-11-21 12:44:00+00:00,,,,,,5.5,,18.866666666666667,,24.366666666666667
2024-11-21 12:45:00+00:00,,,,,,11.0,,18.85,,29.85
2024-11-21 12:46:00+00:00,,,,,,11.05,,18.85,,29.900000000000002
2024-11-21 12:47:00+00:00,,,,,,11.0,,18.8,,29.8
2024-11-21 12:48:00+00:00,,,,,,11.0,,18.9,,29.9
2024-11-21 12:49:00+00:00,,,,,,11.1,,18.9,,30.0
2024-11-21 12:50:00+00:00,,,,,,11.05,,18.9,,29.95
2024-11-21 12:51:00+00:00,,,,,,11.0,,18.9,,29.9
2024-11-21 12:52:00+00:00,,,,,,11.1,,19.0,,30.1
2024-11-21 12:53:00+00:00,,,,,,11.1,,19.0,,30.1
2024-11-21 12:54:00+00:00,,,,,,11.1,,19.0,,30.1
2024-11-21 12:55:00+00:00,,,,,,11.1,,19.0,,30.1
2024-11-21 12:56:00+00:00,,,,,,11.1,,18.9,,30.0
2024-11-21 12:57:00+00:00,,,,,,11.1,,19.0,,30.1
2024-11-21 12:58:00+00:00,,,,,,11.1,,19.0,,30.1
2024-11-21 12:59:00+00:00,,,,,,11.1,,19.0,,30.1
2024-11-21 13:00:00+00:00,,,,,,11.1,,19.0,,30.1
2024-11-21 13:01:00+00:00,,,,,,11.1,,19.0,,30.1
2024-11-21 13:02:00+00:00,,,,,,11.1,,19.0,,30.1
2024-11-21 13:03:00+00:00,,,,,,11.1,,19.0,,30.1
2024-11-21 13:04:00+00:00,,,,,,11.1,,19.033333333333335,,30.133333333333333
2024-11-21 13:05:00+00:00,,,,,,11.149999999999999,,19.0,,30.15
2024-11-21 13:06:00+00:00,,,,,,11.1,,19.0,,30.1
2024-11-21 13:07:00+00:00,,,,,,11.1,,19.05,,30.15
2024-11-21 13:08:00+00:00,,,,,,11.1,,18.7,,29.799999999999997
2024-11-21 13:09:00+00:00,,,,,,,,17.25,,17.25
2024-11-21 13:10:00+00:00,,,,,,,,15.850000000000001,,15.850000000000001
2024-11-21 13:11:00+00:00,,,,,,,,12.85,,12.85
2024-11-21 13:12:00+00:00,,,,,,,,0.0,,0.0
2024-11-21 13:13:00+00:00,,,,,,,,0.0,,0.0
2024-11-21 13:14:00+00:00,,,,,,,,0.0,,0.0
2024-11-21 13:15:00+00:00,,,,,,,,0.0,,0.0
2024-11-21 13:16:00+00:00,,,,,,,,0.0,,0.0
2024-11-21 13:17:00+00:00,,,,,,,,0.0,,0.0
2024-11-21 13:18:00+00:00,,,,,,,,0.0,,0.0
2024-11-21 13:19:00+00:00,,,,,,,,0.0,,0.0
2024-11-21 13:20:00+00:00,,,,,,,,0.0,,0.0
2024-11-21 13:21:00+00:00,,,,,,,,0.0,,0.0
2024-11-21 13:22:00+00:00,,,,,,,,0.0,,0.0
2024-11-21 13:23:00+00:00,,,,,,,,0.0,,0.0
2024-11-21 13:24:00+00:00,,,,,,,,0.0,,0.0
2024-11-21 13:25:00+00:00,,,,,,,,0.0,,0.0
2024-11-21 13:26:00+00:00,,,,,,,,0.0,,0.0
2024-11-21 13:27:00+00:00,,,,,,,,0.0,,0.0
2024-11-21 13:28:00+00:00,,,,,,,,0.0,,0.0
2024-11-21 13:29:00+00:00,,,,,,,,0.0,,0.0
2024-11-21 13:30:00+00:00,,,,,,,,0.0,,0.0
2024-11-21 13:31:00+00:00,,,,,,,,0.0,,0.0
2024-11-21 13:32:00+00:00,,,,,,,,0.0,,0.0
2024-11-21 13:33:00+00:00,,,,,,,,0.0,,0.0
2024-11-21 13:34:00+00:00,,,,,,,,0.0,,0.0
2024-11-21 13:35:00+00:00,,,,,,,,0.0,,0.0
2024-11-21 13:36:00+00:00,,,,,,,,0.0,,0.0
2024-11-21 13:37:00+00:00,,,,,,,,0.0,,0.0
2024-11-21 13:38:00+00:00,,,,,,,,0.0,,0.0
2024-11-21 13:39:00+00:00,,,,,,,,0.0,,0.0
2024-11-21 13:49:00+00:00,1.555,,,,,,,,,1.555
2024-11-21 13:51:00+00:00,0.0,,,,,,,,,0.0
2024-11-21 13:52:00+00:00,64.45,,,,,,,,,64.45
2024-11-21 13:53:00+00:00,64.6,,,,,,,,,64.6
2024-11-21 13:54:00+00:00,64.75,,,,,,,,,64.75
2024-11-21 13:55:00+00:00,64.9,,,,,,,,,64.9
2024-11-21 13:56:00+00:00,65.0,,,,,,,,,65.0
2024-11-21 13:57:00+00:00,65.25,,,,,,,,,65.25
2024-11-21 13:58:00+00:00,65.45,,,,,,,,,65.45
2024-11-21 13:59:00+00:00,65.6,,,,,,,,,65.6
2024-11-21 14:00:00+00:00,65.65,,,,,,,,,65.65
2024-11-21 14:01:00+00:00,65.8,,,,,,,,,65.8
2024-11-21 14:02:00+00:00,65.95,,,,,,,,,65.95
2024-11-21 14:03:00+00:00,66.05,,,,,,,,,66.05
2024-11-21 14:04:00+00:00,66.2,,,,,,,,,66.2
2024-11-21 14:05:00+00:00,66.3,,,,,,,,,66.3
2024-11-21 14:06:00+00:00,66.4,,,,,,,,,66.4
2024-11-21 14:07:00+00:00,66.55,,,,,,,,,66.55
2024-11-21 14:08:00+00:00,66.65,,,,,,,,,66.65
2024-11-21 14:09:00+00:00,66.65,,,,,,,,,66.65
2024-11-21 14:10:00+00:00,66.75,,,,,,,,,66.75
2024-11-21 14:11:00+00:00,66.85,,,,,,,,,66.85
2024-11-21 14:12:00+00:00,66.9,,,,,,,,,66.9
2024-11-21 14:13:00+00:00,66.95,,,,,,,,,66.95
2024-11-21 14:14:00+00:00,67.05,,,,,,,,,67.05
2024-11-21 14:15:00+00:00,67.1,,,,,,,,,67.1
2024-11-21 14:16:00+00:00,67.15,,,,,,,,,67.15
2024-11-21 14:17:00+00:00,33.625,,,,,,,,,33.625
2024-11-21 14:18:00+00:00,97.65,,,,,,,,,97.65
2024-11-21 14:19:00+00:00,97.80000000000001,,,,,,,,,97.80000000000001
2024-11-21 14:20:00+00:00,97.92500000000001,,,,,,,,,97.92500000000001
2024-11-21 14:21:00+00:00,98.05,,,,,,,,,98.05
2024-11-21 14:22:00+00:00,98.125,,,,,,,,,98.125
2024-11-21 14:23:00+00:00,98.225,,,,,,,,,98.225
2024-11-21 14:24:00+00:00,98.3,,,,,,,,,98.3
2024-11-21 14:25:00+00:00,98.45,,,,,,,,,98.45
2024-11-21 14:26:00+00:00,98.475,,,,,,,,,98.475
2024-11-21 14:27:00+00:00,98.6,,,,,,,,,98.6
2024-11-21 14:28:00+00:00,98.7,,,,,,,,,98.7
2024-11-21 14:29:00+00:00,98.775,,,,,,,,,98.775
2024-11-21 14:30:00+00:00,98.89999999999999,,,,,,,,,98.89999999999999
2024-11-21 14:31:00+00:00,98.95,,,,,,,,,98.95
2024-11-21 14:32:00+00:00,99.075,,,,,,,,,99.075
2024-11-21 14:33:00+00:00,99.2,,,,,,,,,99.2
2024-11-21 14:34:00+00:00,99.325,,,,,,,,,99.325
2024-11-21 14:35:00+00:00,99.44999999999999,,,,,,,,,99.44999999999999
2024-11-21 14:36:00+00:00,99.5,,,,,,,,,99.5
2024-11-21 14:37:00+00:00,99.7,,,,,,,,,99.7
2024-11-21 14:38:00+00:00,99.775,,,,,,,,,99.775
2024-11-21 14:39:00+00:00,68.75,,,,,,,,,68.75
2024-11-21 14:40:00+00:00,68.9,,,,,,,,,68.9
2024-11-21 14:41:00+00:00,68.95,,,,,,,,,68.95
2024-11-21 14:42:00+00:00,69.1,,,,,,,,,69.1
2024-11-21 14:43:00+00:00,69.1,,,,,,,,,69.1
2024-11-21 14:44:00+00:00,69.3,,,,,,,,,69.3
2024-11-21 14:45:00+00:00,69.35,,,,,,,,,69.35
2024-11-21 14:46:00+00:00,69.45,,,,,,,,,69.45
2024-11-21 14:47:00+00:00,69.5,,,,,,,,,69.5
2024-11-21 14:48:00+00:00,69.6,,,,,,,,,69.6
2024-11-21 14:49:00+00:00,69.8,,,,,,,,,69.8
2024-11-21 14:50:00+00:00,69.85,,,,,,,,,69.85
2024-11-21 14:51:00+00:00,70.05,,,,,,,,,70.05
2024-11-21 14:52:00+00:00,70.1,,,,,,,,,70.1
2024-11-21 14:56:00+00:00,0.0,,,,,,,,,0.0
2024-11-21 14:57:00+00:00,69.9,,,,,,,,,69.9
2024-11-21 14:58:00+00:00,70.15,,,,,,,,,70.15
2024-11-21 14:59:00+00:00,70.3,,,,,,,,,70.3
2024-11-21 15:00:00+00:00,70.4,,,,,,,,,70.4
2024-11-21 15:01:00+00:00,70.5,,,,,,,,,70.5
2024-11-21 15:02:00+00:00,70.65,,,,,,,,,70.65
2024-11-21 15:03:00+00:00,70.8,,,,,,,,,70.8
2024-11-21 15:04:00+00:00,70.9,,,,,,,,,70.9
2024-11-21 15:05:00+00:00,70.95,,,,,,,,,70.95
2024-11-21 15:06:00+00:00,71.1,,,,,,,,,71.1
2024-11-21 15:07:00+00:00,71.1,,,,,,,,,71.1
2024-11-21 15:08:00+00:00,71.25,,,,,,,,,71.25
2024-11-21 15:09:00+00:00,71.35,,,,,,,,,71.35
2024-11-21 15:10:00+00:00,71.4,,,,,,,,,71.4
2024-11-21 15:11:00+00:00,71.5,,,,,,,,,71.5
2024-11-21 15:12:00+00:00,71.55,,,,,0.0,,,,71.55
2024-11-21 15:13:00+00:00,71.65,,,,,0.0,,,,71.65
2024-11-21 15:14:00+00:00,71.8,,,,,0.0,,,,71.8
2024-11-21 15:15:00+00:00,71.8,,,,,0.0,,,,71.8
2024-11-21 15:16:00+00:00,71.9,,,,,0.0,,,,71.9
2024-11-21 15:17:00+00:00,71.95,,,,,0.0,,,,71.95
2024-11-21 15:18:00+00:00,72.1,,,,,0.0,,,,72.1
2024-11-21 15:19:00+00:00,72.2,,,,,0.0,,,,72.2
2024-11-21 15:20:00+00:00,72.25,,,,,0.0,,,,72.25
2024-11-21 15:21:00+00:00,72.35,,,,,0.0,,,,72.35
2024-11-21 15:22:00+00:00,72.4,,,,,0.0,,,,72.4
2024-11-21 15:23:00+00:00,72.55,,,,,0.0,,,,72.55
2024-11-21 15:24:00+00:00,,,,,,0.0,,,,0.0
2024-11-21 15:25:00+00:00,,,,,,0.0,,,,0.0
2024-11-21 15:26:00+00:00,,,,,,0.0,,,,0.0
2024-11-21 15:27:00+00:00,,,,,,0.0,,,,0.0
2024-11-21 15:28:00+00:00,,,,,,0.0,,,,0.0
2024-11-21 15:29:00+00:00,,,,,,0.0,,,,0.0
2024-11-21 15:30:00+00:00,,,,,,0.0,,,,0.0
2024-11-21 15:31:00+00:00,0.428,,,,,0.0,,,,0.428
2024-11-21 15:32:00+00:00,130.45,,,,,0.0,,,,130.45
2024-11-21 15:33:00+00:00,130.75,,,,,0.0,,,,130.75
2024-11-21 15:34:00+00:00,130.9,,,,,0.0,,,,130.9
2024-11-21 15:35:00+00:00,131.15,,,,,0.0,,,,131.15
2024-11-21 15:36:00+00:00,131.3,,,,,0.0,,,,131.3
2024-11-21 15:37:00+00:00,131.55,,,,,0.0,,,,131.55
2024-11-21 15:38:00+00:00,131.7,,,,,0.0,,,,131.7
2024-11-21 15:39:00+00:00,102.975,,,,,0.0,,,,102.975
2024-11-21 15:40:00+00:00,103.02499999999999,,,,,0.0,,,,103.02499999999999
2024-11-21 15:41:00+00:00,103.25,,,,,0.0,,,,103.25
2024-11-21 15:42:00+00:00,103.3,,,,,0.0,,,,103.3
2024-11-21 15:43:00+00:00,99.66,,,,,0.0,,,,99.66
2024-11-21 15:44:00+00:00,96.7745,,,,,0.0,,,,96.7745
2024-11-21 15:45:00+00:00,27.825,,,,,0.0,,,,27.825
2024-11-21 15:46:00+00:00,80.9865,,,,,0.0,,,,80.9865
2024-11-21 15:47:00+00:00,79.0535,,,,,0.0,,,,79.0535
2024-11-21 15:48:00+00:00,45.099,,,,,0.0,,,,45.099
2024-11-21 15:49:00+00:00,40.996,,,,,0.0,,,,40.996
2024-11-21 15:50:00+00:00,19.768,,,,,0.0,,,,19.768
2024-11-21 15:51:00+00:00,73.525,,,,,0.0,,,,73.525
2024-11-21 15:52:00+00:00,72.418,,,,,0.0,,,,72.418
2024-11-21 15:53:00+00:00,71.483,,,,,0.0,,,,71.483
2024-11-21 15:54:00+00:00,70.22399999999999,,,,,0.0,,,,70.22399999999999
2024-11-21 15:55:00+00:00,69.9305,,,,,0.0,,,,69.9305
2024-11-21 15:56:00+00:00,69.0345,,,,,0.0,,,,69.0345
2024-11-21 15:57:00+00:00,68.32249999999999,,,,,0.0,,,,68.32249999999999
2024-11-21 15:58:00+00:00,12.529,,,,,0.0,,,,12.529
2024-11-21 15:59:00+00:00,11.8805,,,,,0.0,,,,11.8805
2024-11-21 16:00:00+00:00,11.846,,,,,0.0,,,,11.846
2024-11-21 16:01:00+00:00,11.329,,,,,0.0,,,,11.329
2024-11-21 16:02:00+00:00,10.5565,,,,,0.0,,,,10.5565
2024-11-21 16:03:00+00:00,10.5645,,,,,0.0,,,,10.5645
2024-11-21 16:04:00+00:00,9.6715,,,,,0.0,,,,9.6715
2024-11-21 16:05:00+00:00,9.638,,,,,0.0,,,,9.638
2024-11-21 16:06:00+00:00,9.489,,,,,0.0,,,,9.489
2024-11-21 16:07:00+00:00,8.533,,,,,0.0,,,,8.533
2024-11-21 16:08:00+00:00,8.913,,,,,0.0,,,,8.913
2024-11-21 16:09:00+00:00,8.1995,,,,,0.0,,,,8.1995
2024-11-21 16:10:00+00:00,8.349,,111.62112,,,0.0,,,,119.97012000000001
2024-11-21 16:11:00+00:00,7.8315,,111.71578000000001,,,0.0,,,,119.54728000000001
2024-11-21 16:12:00+00:00,7.6475,,111.9896,,,0.0,,,,119.63709999999999
2024-11-21 16:13:00+00:00,13.946,,111.78076999999999,,,0.0,,,,125.72676999999999
2024-11-21 16:14:00+00:00,13.212,,111.84056000000001,,,0.0,,,,125.05256000000001
2024-11-21 16:15:00+00:00,13.579,,112.11462,,,0.0,,,,125.69362000000001
2024-11-21 16:16:00+00:00,13.212,,111.98534000000001,,,0.0,,,,125.19734000000001
2024-11-21 16:17:00+00:00,11.377,,112.067655,,,0.0,,,,123.444655
2024-11-21 16:18:00+00:00,12.478,,59.88924857142858,,,0.0,,,,72.36724857142858
2024-11-21 16:19:00+00:00,10.643,,0.11673,,,0.0,,,,10.759730000000001
2024-11-21 16:20:00+00:00,11.346,,,,,,,,,11.346
2024-11-21 16:21:00+00:00,11.377,,,,,,,,,11.377
2024-11-21 16:22:00+00:00,9.909,,,,,,,,,9.909
2024-11-21 16:23:00+00:00,11.744,,,,,,,,,11.744
2024-11-21 16:24:00+00:00,9.909,,,,,,,,,9.909
2024-11-21 16:25:00+00:00,10.276,,,,,,,,,10.276
2024-11-21 16:26:00+00:00,9.909,,,,,,,,,9.909
2024-11-21 16:27:00+00:00,9.542,,,,,,,,,9.542
2024-11-21 16:28:00+00:00,9.175,,,,,,,,,9.175
2024-11-21 16:29:00+00:00,8.808,,,,,,,,,8.808
2024-11-21 16:30:00+00:00,9.175,,,,,,,,,9.175
2024-11-21 16:31:00+00:00,8.074,,,,,,,,,8.074
2024-11-21 16:32:00+00:00,9.542,,,,,,,,,9.542
2024-11-21 16:33:00+00:00,3.9975,,,,,,,,,3.9975
2024-11-21 16:34:00+00:00,77.54,,,,,,,,,77.54
2024-11-21 16:35:00+00:00,120.636,,,,,,,,,120.636
2024-11-21 16:36:00+00:00,143.594,,,,,,,,,143.594
2024-11-21 16:37:00+00:00,143.991,,,,,,,,,143.991
2024-11-21 16:38:00+00:00,144.388,,,,,,,,,144.388
2024-11-21 16:39:00+00:00,111.523,,,,,,,,,111.523
2024-11-21 16:40:00+00:00,120.813,,,,,,,,,120.813
2024-11-21 16:41:00+00:00,120.308,,,,,,,,,120.308
2024-11-21 16:42:00+00:00,123.613,,,,,,,,,123.613
2024-11-21 16:43:00+00:00,126.144,,,,,,,,,126.144
2024-11-21 16:44:00+00:00,128.688,,,,,,,,,128.688
2024-11-21 16:45:00+00:00,131.509,,,,,,,,,131.509
2024-11-21 16:46:00+00:00,136.474,,,,,,,,,136.474
2024-11-21 16:47:00+00:00,137.536,,,,,,,,,137.536
2024-11-21 16:48:00+00:00,138.745,,,,,,,,,138.745
2024-11-21 16:49:00+00:00,127.44,,,,,,,,,127.44
2024-11-21 16:50:00+00:00,118.124,,,,,,,,,118.124
2024-11-21 16:55:00+00:00,,,0.0,,,,,,,0.0
2024-11-21 16:56:00+00:00,201.058,,108.79002461538462,,,,,,,309.8480246153846
2024-11-21 16:57:00+00:00,197.425,,117.68697100000001,,,,,,,315.11197100000004
2024-11-21 16:58:00+00:00,197.239,,98.4241,,,,,,,295.6631
2024-11-21 16:59:00+00:00,198.617,,86.73470666666667,,,,,,,285.35170666666664
2024-11-21 17:00:00+00:00,198.334,,78.630435,,,,,,,276.964435
2024-11-21 17:01:00+00:00,197.573,,72.67636333333333,,,,,,,270.24936333333335
2024-11-21 17:02:00+00:00,196.588,,35.25992285714286,,,,,,,231.84792285714286
2024-11-21 17:03:00+00:00,197.024,,,,,,,,,197.024
2024-11-21 17:04:00+00:00,198.708,,,,,,,,,198.708
2024-11-21 17:05:00+00:00,198.093,,,,,,,,,198.093
2024-11-21 17:06:00+00:00,199.408,,,,,,,,,199.408
2024-11-21 17:07:00+00:00,197.803,,,,,,,,,197.803
2024-11-21 17:08:00+00:00,197.976,,,,,,,,,197.976
2024-11-21 17:09:00+00:00,198.611,,,,,,,,,198.611
2024-11-21 17:10:00+00:00,196.402,,,,,,,,,196.402
2024-11-21 17:11:00+00:00,197.72,,,,,,,,,197.72
2024-11-21 17:12:00+00:00,197.05,,,,,,,,,197.05
2024-11-21 17:13:00+00:00,197.89,,,,,,,,,197.89
2024-11-21 17:14:00+00:00,198.001,,,,,,,,,198.001
2024-11-21 17:15:00+00:00,196.619,,,,,,,,,196.619
2024-11-21 17:16:00+00:00,196.712,,,,,,,,,196.712
2024-11-21 17:17:00+00:00,197.419,,,,,,,,,197.419
2024-11-21 17:18:00+00:00,196.328,,,,,,,,,196.328
2024-11-21 17:19:00+00:00,198.355,,,,,,,,,198.355
2024-11-21 17:20:00+00:00,195.768,,,,,,,,,195.768
2024-11-21 17:26:00+00:00,,,21.50236,,,,,,,21.50236
2024-11-21 17:27:00+00:00,,,27.730166666666666,,,,,,,27.730166666666666
2024-11-21 18:27:00+00:00,,41.7416602,,,,,,,,41.7416602
2024-11-21 18:28:00+00:00,,0.0,,,,,,,,0.0
2024-11-21 18:31:00+00:00,,42.0808516,,,,,,,,42.0808516
2024-11-21 18:32:00+00:00,,42.7966523,,,,,,,,42.7966523
2024-11-21 18:33:00+00:00,,35.4654023,,,,,,,,35.4654023
2024-11-21 18:34:00+00:00,,23.657421900000003,,,,,,,,23.657421900000003
2024-11-21 18:46:00+00:00,0.0,,,,,,,,,0.0
2024-11-21 18:47:00+00:00,35.899,,,,,,,,,35.899
2024-11-21 18:51:00+00:00,0.0,,,,,,,,,0.0
2024-11-21 18:52:00+00:00,24.608,,,,,,,,,24.608
2024-11-21 18:53:00+00:00,25.058,,,,,,,,,25.058
2024-11-21 18:54:00+00:00,25.09,,,,,,,,,25.09
2024-11-21 18:55:00+00:00,25.155,,,,,,,,,25.155
2024-11-21 18:56:00+00:00,24.832,,,,,,,,,24.832
2024-11-21 18:58:00+00:00,0.0,,,,,,,,,0.0
2024-11-21 18:59:00+00:00,24.381,,,,,,,,,24.381
2024-11-21 19:00:00+00:00,24.444,,,,,,,,,24.444
2024-11-21 19:01:00+00:00,24.896,,,,,,,,,24.896
2024-11-21 19:02:00+00:00,24.571,,,,,,,,,24.571
2024-11-21 19:03:00+00:00,24.57,,,,,,,,,24.57
2024-11-21 19:16:00+00:00,0.0,,,,,,,,,0.0
2024-11-21 19:17:00+00:00,36.942,,,,,,,,,36.942
2024-11-21 19:18:00+00:00,25.839,,,,,,,,,25.839
2024-11-21 19:19:00+00:00,25.905,,,,,,,,,25.905
2024-11-21 19:20:00+00:00,25.938,,,,,,,,,25.938
2024-11-21 19:21:00+00:00,25.971,,,,,,,,,25.971
2024-11-21 19:22:00+00:00,26.004,,,,,,,,,26.004
2024-11-21 19:31:00+00:00,0.0,,,,,,,,,0.0
2024-11-21 19:32:00+00:00,25.152,,,,,,,,,25.152
2024-11-21 19:33:00+00:00,26.466,,,,,,,,,26.466
2024-11-21 19:34:00+00:00,26.566,,,,,,,,,26.566
2024-11-21 19:35:00+00:00,25.773,,,,,,,,,25.773
2024-11-21 19:36:00+00:00,25.838,,,,,,,,,25.838
2024-11-21 19:37:00+00:00,25.903,,,,,,,,,25.903
2024-11-21 19:38:00+00:00,25.536,,,,,,,,,25.536
2024-11-21 19:39:00+00:00,25.568,,,,,,,,,25.568
2024-11-21 21:11:00+00:00,,,,,,,,,0.0,0.0
2024-11-21 21:12:00+00:00,,,,,,,,,3.7,3.7
2024-11-21 21:13:00+00:00,,,,,,,,,0.0,0.0
2024-11-21 21:14:00+00:00,,,,,,,,,7.4,7.4
2024-11-21 21:15:00+00:00,,,,,,,,,0.0,0.0
2024-11-21 21:16:00+00:00,,,,0.0,,,,,,0.0
2024-11-21 21:17:00+00:00,,,,7.4,,,,,,7.4
2024-11-21 21:22:00+00:00,,,,0.0,,,,,,0.0
2024-11-21 21:23:00+00:00,,,,0.0,,,,,,0.0
2024-11-21 21:26:00+00:00,,,,,,,,,3.7,3.7
2024-11-21 21:27:00+00:00,,,,,,,,,1.3,1.3
2024-11-21 21:28:00+00:00,,,,,,,,,3.633333333333333,3.633333333333333
2024-11-21 21:29:00+00:00,,,,,,,,,3.7,3.7
2024-11-21 21:46:00+00:00,,,,,,,,6.533333333333334,,6.533333333333334
2024-11-21 21:47:00+00:00,,,,,,,,2.4,,2.4
2024-11-21 21:48:00+00:00,,,,,,2.4,,,,2.4
2024-11-21 21:49:00+00:00,,,,0.0,,0.0,,,,0.0
2024-11-21 21:50:00+00:00,,,,4.9,,,,,,4.9
2024-11-21 21:53:00+00:00,,,,,,,,,0.0,0.0
2024-11-21 21:54:00+00:00,,,,,,,,,4.8,4.8
2024-11-21 21:55:00+00:00,,,,,,,,,2.4,2.4
2024-11-21 21:56:00+00:00,,,,,,,,,0.0,0.0
2024-11-21 21:57:00+00:00,,,,,,,,,1.8666666666666665,1.8666666666666665
2024-11-21 21:58:00+00:00,,,,,,,,,0.0,0.0
2024-11-21 21:59:00+00:00,,,,,,,,,4.8,4.8
2024-11-21 22:00:00+00:00,,,,,,,,,1.9333333333333333,1.9333333333333333
2024-11-21 22:22:00+00:00,,,6.351685714285714,,,,,,,6.351685714285714
2024-11-21 22:23:00+00:00,,,12.0979,,,,,,,12.0979
2024-11-21 22:24:00+00:00,,,12.036985,,,,,,,12.036985
2024-11-21 22:25:00+00:00,,,8.749199999999998,,,,,,,8.749199999999998
2024-11-21 22:26:00+00:00,,,4.657188,,,,,,,4.657188
2024-11-21 22:27:00+00:00,,,15.2568,,,,,,,15.2568
2024-11-21 22:28:00+00:00,,,15.2568,,,,,,,15.2568
2024-11-21 22:29:00+00:00,,,15.02509,,,,,,,15.02509
2024-11-21 22:30:00+00:00,,,6.695018000000002,,,,,,,6.695018000000002
2024-11-21 22:32:00+00:00,,,7.703478,,,,,,,7.703478
2024-11-21 22:33:00+00:00,,,6.974620000000001,,,,,,,6.974620000000001
2024-11-21 22:34:00+00:00,,,3.8269,,,,,,,3.8269
2024-11-21 22:40:00+00:00,,,19.32208846153846,,,,,,,19.32208846153846
2024-11-21 22:41:00+00:00,,,26.126285,,,,,,,26.126285
2024-11-21 22:42:00+00:00,,,26.483345,,,,,,,26.483345
2024-11-21 22:43:00+00:00,,,26.496689999999997,,,,,,,26.496689999999997
2024-11-21 22:44:00+00:00,,,26.393939999999997,,,,,,,26.393939999999997
2024-11-21 22:48:00+00:00,,,0.7349600000000001,,,,,,,0.7349600000000001
2024-11-21 22:49:00+00:00,,,16.121950000000002,,,,,,,16.121950000000002
2024-11-21 22:50:00+00:00,,,12.514796,,,,,,,12.514796
2024-11-22 12:32:00+00:00,0.0,,,,,,,,,0.0
2024-11-22 12:33:00+00:00,111.6,,,,,,,,,111.6
2024-11-22 12:34:00+00:00,112.44,,,,,,,,,112.44
2024-11-22 12:35:00+00:00,113.22,,,,,,,,,113.22
2024-11-22 12:36:00+00:00,113.82,,,,,,,,,113.82
2024-11-22 12:37:00+00:00,114.18,,,,,,,,,114.18
2024-11-22 12:38:00+00:00,114.54,,,,,,,,,114.54
2024-11-22 12:39:00+00:00,114.9,,,,,,,,,114.9
2024-11-22 12:40:00+00:00,112.955,,,,,,,,,112.955
2024-11-22 12:41:00+00:00,111.592,,,,,,,,,111.592
2024-11-22 12:42:00+00:00,114.375,,,,,,,,,114.375
2024-11-22 12:43:00+00:00,116.28,,,,,,,,,116.28
2024-11-22 12:44:00+00:00,116.7,,,,,,,,,116.7
2024-11-22 12:45:00+00:00,117.0,,,,,,,,,117.0
2024-11-22 12:46:00+00:00,117.18,,,,,,,,,117.18
2024-11-22 12:47:00+00:00,117.54,,,,,,,,,117.54
2024-11-22 12:48:00+00:00,117.84,,,,,,,,,117.84
2024-11-22 12:49:00+00:00,117.96,,,,,,,,,117.96
2024-11-22 12:50:00+00:00,118.38,,,,,,,,,118.38
2024-11-22 12:51:00+00:00,118.68,,,,,,,,,118.68
2024-11-22 12:52:00+00:00,53.014,,,,,,,,,53.014
2024-11-23 19:43:00+00:00,0.35,,,,,,,,,0.35
2024-11-23 19:44:00+00:00,109.44,,,,,,,,,109.44
2024-11-23 19:45:00+00:00,110.1,,,,,,,,,110.1
2024-11-23 19:46:00+00:00,110.58,,,,,,,,,110.58
2024-11-23 19:47:00+00:00,110.94,,,,,,,,,110.94
2024-11-23 19:48:00+00:00,111.36,,,,,,,,,111.36
2024-11-23 19:49:00+00:00,111.78,,,,,,,,,111.78
2024-11-23 19:50:00+00:00,112.14,,,,,,,,,112.14
2024-11-23 19:51:00+00:00,112.86,,,,,,,,,112.86
2024-11-23 19:52:00+00:00,113.22,,,,,,,,,113.22
2024-11-23 19:53:00+00:00,113.58,,,,,,,,,113.58
2024-11-23 19:54:00+00:00,113.76,,,,,,,,,113.76
2024-11-23 19:55:00+00:00,114.3,,,,,,,,,114.3
2024-11-23 19:56:00+00:00,114.6,,,,,,,,,114.6
2024-11-23 19:57:00+00:00,114.9,,,,,,,,,114.9
2024-11-23 19:58:00+00:00,115.2,,,,,,,,,115.2
2024-11-23 19:59:00+00:00,115.68,,,,,,,,,115.68
2024-11-23 20:00:00+00:00,115.98,,,,,,,,,115.98
2024-11-23 20:01:00+00:00,23.22,,,,,,,,,23.22
2024-11-24 18:45:00+00:00,0.0,,,,,,,,,0.0
2024-11-24 18:46:00+00:00,107.4,,,,,,,,,107.4
2024-11-24 18:47:00+00:00,108.06,,,,,,,,,108.06
2024-11-24 18:48:00+00:00,108.48,,,,,,,,,108.48
2024-11-24 18:49:00+00:00,108.6,,,,,,,,,108.6
2024-11-24 18:50:00+00:00,108.9,,,,,,,,,108.9
2024-11-24 18:51:00+00:00,109.08,,,,,,,,,109.08
2024-11-24 18:52:00+00:00,109.62,,,,,,,,,109.62
2024-11-24 18:53:00+00:00,109.98,,,,,,,,,109.98
2024-11-24 18:54:00+00:00,110.1,,,,,,,,,110.1
2024-11-24 18:55:00+00:00,110.4,,,,,,,,,110.4
2024-11-24 18:56:00+00:00,110.76,,,,,,,,,110.76
2024-11-24 18:57:00+00:00,110.88,,,,,,,,,110.88
2024-11-24 18:58:00+00:00,111.24,,,,,,,,,111.24
2024-11-24 18:59:00+00:00,111.48,,,,,,,,,111.48
2024-11-24 19:00:00+00:00,111.9,,,,,,,,,111.9
2024-11-24 19:01:00+00:00,112.14,,,,,,,,,112.14
2024-11-24 19:02:00+00:00,112.44,,,,,,,,,112.44
2024-11-24 19:03:00+00:00,112.86,,,,,,,,,112.86
2024-11-24 19:04:00+00:00,113.22,,,,,,,,,113.22
2024-11-24 19:05:00+00:00,113.52,,,,,,,,,113.52
2024-11-24 19:06:00+00:00,113.819,,,,,,,,,113.819
2024-11-24 19:07:00+00:00,114.116,,,,,,,,,114.116
2024-11-24 19:08:00+00:00,114.416,,,,,,,,,114.416
2024-11-24 19:09:00+00:00,114.777,,,,,,,,,114.777
2024-11-24 19:10:00+00:00,115.077,,,,,,,,,115.077
2024-11-24 19:11:00+00:00,115.064,,,,,,,,,115.064
2024-11-24 19:12:00+00:00,115.8,,,,,,,,,115.8
2024-11-24 19:13:00+00:00,116.15,,,,,,,,,116.15
2024-11-24 19:14:00+00:00,116.45,,,,,,,,,116.45
2024-11-24 19:15:00+00:00,116.85,,,,,,,,,116.85
2024-11-24 19:16:00+00:00,117.1,,,,,,,,,117.1
2024-11-24 19:17:00+00:00,117.35,,,,,,,,,117.35
2024-11-24 19:18:00+00:00,117.65,,,,,,,,,117.65
2024-11-24 19:19:00+00:00,117.9,,,,,,,,,117.9
2024-11-24 19:20:00+00:00,118.15,,,,,,,,,118.15
2024-11-24 19:21:00+00:00,118.5,,,,,,,,,118.5
2024-11-24 19:22:00+00:00,55.872,,,,,,,,,55.872
2024-11-24 19:23:00+00:00,55.388,,,,,,,,,55.388
2024-11-24 19:24:00+00:00,55.001,,,,,,,,,55.001
2024-11-24 19:25:00+00:00,55.048,,,,,,,,,55.048
2024-11-24 19:26:00+00:00,54.802,,,,,,,,,54.802
2024-11-24 19:27:00+00:00,54.849,,,,,,,,,54.849
2024-11-24 19:28:00+00:00,55.037,,,,,,,,,55.037
2024-11-24 19:29:00+00:00,55.037,,,,,,,,,55.037
2024-11-25 14:49:00+00:00,0.0,,,,,,,,,0.0
2024-11-25 14:50:00+00:00,111.9,,,,,,,,,111.9
2024-11-25 14:51:00+00:00,112.68,,,,,,,,,112.68
2024-11-25 14:52:00+00:00,113.16,,,,,,,,,113.16
2024-11-25 14:53:00+00:00,113.58,,,,,,,,,113.58
2024-11-25 14:54:00+00:00,114.48,,,,,,,,,114.48
2024-11-25 14:55:00+00:00,114.96,,,,,,,,,114.96
2024-11-25 14:56:00+00:00,115.38,,,,,,,,,115.38
2024-11-25 14:57:00+00:00,115.86,,,,,,,,,115.86
2024-11-25 14:58:00+00:00,116.22,,,,,,,,,116.22
2024-11-25 14:59:00+00:00,116.7,,,,,,,,,116.7
2024-11-25 15:00:00+00:00,117.0,,,,,,,,,117.0
2024-11-25 15:01:00+00:00,117.48,,,,,,,,,117.48
2024-11-25 15:02:00+00:00,117.96,,,,,,,,,117.96
2024-11-25 15:03:00+00:00,118.38,,,,,,,,,118.38
2024-11-25 15:04:00+00:00,118.92,,,,,,,,,118.92
2024-11-25 15:05:00+00:00,119.46,,,,,,,,,119.46
2024-11-25 15:06:00+00:00,119.88,,,,,,,,,119.88
2024-11-25 15:07:00+00:00,120.42,,,,,,,,,120.42
2024-11-25 15:08:00+00:00,120.9,,,,,,,,,120.9
2024-11-25 15:09:00+00:00,118.373,,,,,,,,,118.373
2024-11-25 15:10:00+00:00,115.425,,,,,,,,,115.425
2024-11-25 15:11:00+00:00,113.108,,,,,,,,,113.108
2024-11-25 15:12:00+00:00,110.65,,,,,,,,,110.65
2024-11-25 15:13:00+00:00,108.723,,,,,,,,,108.723
2024-11-25 15:14:00+00:00,107.305,,,,,,,,,107.305
2024-11-25 15:15:00+00:00,105.471,,,,,,,,,105.471
2024-11-25 15:16:00+00:00,101.024,,,,,,,,,101.024
2024-11-25 15:17:00+00:00,97.438,,,,,,,,,97.438
2024-11-25 15:18:00+00:00,95.213,,,,,,,,,95.213
2024-11-25 15:19:00+00:00,91.242,,,,,,,,,91.242
2024-11-25 15:20:00+00:00,86.774,,,,,,,,,86.774
2024-11-25 15:21:00+00:00,83.224,,,,,,,,,83.224
2024-11-25 15:22:00+00:00,79.613,,,,,,,,,79.613
2024-11-25 15:23:00+00:00,77.325,,,,,,,,,77.325
2024-11-25 15:24:00+00:00,74.98,,,,,,,,,74.98
2024-11-25 15:25:00+00:00,72.254,,,,,,,,,72.254
2024-11-25 15:26:00+00:00,69.416,,,,,,,,,69.416
2024-11-25 15:27:00+00:00,67.5,,,,,,,,,67.5
2024-11-25 15:28:00+00:00,66.303,,,,,,,,,66.303
